id,duration_ms,key,tempo,time_signature,danceability,energy,loudness,mode,speechiness,acousticness,instrumentalness,liveness,valence
7y72gopOlQxQHNwsQS15vW,227360,11,99.161,4,0.771,0.531,-11.875,0,0.0414,0.00217,0.74,0.0785,0.613
0QALqodP43r267uIPoHqto,286933,10,112.964,4,0.529,0.92,-4.041,1,0.0323,0.000248,0.00716,0.431,0.439
3kdGGbYgVjjMEPBl1M90cF,193000,8,127.46,3,0.269,0.0382,-23.055,1,0.0392,0.979,0.00638,0.14,0.185
6a049FDGdsuWXhoc8XsDri,321680,2,114.071,5,0.651,0.773,-5.808,1,0.388,0.0148,0,0.143,0.547
5ftWZEk27u3H5qa6pCPC7v,204933,7,167.278,4,0.287,0.78,-6.493,1,0.0469,0.049,3.71e-05,0.184,0.383
37kNZhlTtqDLiV6PR5SHlo,383408,0,80.716,4,0.154,0.184,-15.645,0,0.0403,0.902,0.000382,0.0611,0.136
28qxD4h1QfaRgHi2E0Px2q,272045,7,151.016,4,0.422,0.451,-7.47,1,0.0368,0.895,0.675,0.108,0.589
5ZUKN3dNE63ykd5PQAmHqK,216451,8,119.008,4,0.713,0.558,-12.956,1,0.0375,0.00576,0.785,0.144,0.641
00Yqujeo9i7qoqIlQiVJG5,231500,0,118.106,4,0.745,0.373,-11.827,1,0.0414,0.0339,0.706,0.107,0.222
3MnfSny69zY7bunkU5kPBT,216268,0,74.015,4,0.684,0.314,-9.251,1,0.0617,0.48,2.71e-05,0.0791,0.409
7tPUQS4rQnN022CC8Pr2CW,224293,11,105.218,4,0.554,0.612,-7.502,0,0.0247,0.573,1.73e-05,0.133,0.469
4Ih85uAZDncoQgo5jvrAPp,239756,9,91.995,4,0.615,0.0365,-26.829,0,0.0405,0.881,0.928,0.107,0.0721
2aXC1sUOT1omPSO2te99I3,225943,0,136.036,4,0.672,0.177,-20.483,1,0.044,0.81,0.92,0.0769,0.209
0LXjgZXb2tEAsm37JzZju0,210813,10,100.322,4,0.724,0.0433,-16.1,1,0.0432,0.907,0,0.104,0.484
7DCOFM83lHotyPTGyKbDl4,254247,0,143.962,4,0.566,0.641,-4.621,1,0.041,0.0271,0,0.172,0.525
2vwNBp1fZTRVX5u9Tob2wK,400213,0,130.005,4,0.643,0.687,-10.048,1,0.04,0.00896,0.87,0.0657,0.502
5GQmfDGYWG5ymOX7RhA6C0,104559,11,86.334,4,0.349,0.895,-5.781,0,0.058,0.0653,0.000982,0.27,0.825
3PtV3Wl5MisG6soABXD5Wv,196733,0,133.949,4,0.517,0.317,-13.228,0,0.0424,0.555,0.934,0.137,0.479
5r2fNpheVXtxgrh0PgXLOC,204733,11,128.066,4,0.437,0.772,-6.322,0,0.0356,0.00201,0.493,0.334,0.478
0bnaCOOqLy2C1WUsgmpven,236667,4,108.347,4,0.471,0.429,-10.605,1,0.0378,0.275,0,0.372,0.325
362XWpxqNkdWXyTVEcBSuC,237000,2,96.822,4,0.65,0.606,-11.156,1,0.0251,0.124,1.06e-05,0.204,0.724
5Zf1uom4CvkRl3ZvMNkqcU,282120,7,122.777,4,0.684,0.567,-10.917,0,0.0347,0.19,0.81,0.135,0.753
3bh9jyKSTLGto75BPXmJNd,228227,6,117.701,4,0.273,0.0835,-17.648,0,0.0372,0.928,5.95e-05,0.132,0.0729
7JlRGrhF7XXIYSV4GSyDx4,320345,4,129.328,4,0.562,0.899,-4.415,0,0.0395,0.000318,0.584,0.0663,0.429
6TbzVBsSGvUcVEbpJsQPUe,242027,2,102.078,4,0.541,0.895,-4.884,1,0.0367,0.0163,0,0.571,0.657
1Er5tXj6kTYXN5ziZ1xVUi,180536,1,71.875,3,0.312,0.00343,-30.98,1,0.0439,0.984,0.94,0.135,0.147
28FaQOfbERgJfA7pnsoHbH,389196,0,94.791,4,0.344,0.811,-10.941,1,0.0379,0.00906,0.964,0.0993,0.17
7of3zsYem3YDWQLSkhDZTn,228093,10,86.007,4,0.607,0.63,-10.464,1,0.0368,0.241,0.0118,0.301,0.734
59mRqsLb6RDHYyh0HGjcmg,237360,7,140.588,4,0.49,0.954,-4.333,1,0.0329,0.00226,0.0899,0.316,0.774
4L1MUiSOqWicEVQWjSDYub,238000,5,119.848,4,0.669,0.729,-8.137,1,0.0304,0.0161,0.0153,0.0655,0.639
7KIQNvdQl92pX9RDtvgFoT,161054,4,194.987,4,0.56,0.458,-18.274,0,0.0494,0.929,0.867,0.116,0.509
5ZyvPKbgvU7IL85qc2INZq,234253,10,150.008,4,0.534,1.0,-3.962,0,0.0765,7.39e-06,0.59,0.892,0.485
4UotoA31Rs3Tu8V5JTO5ux,228880,4,129.916,4,0.735,0.459,-7.027,1,0.0297,0.82,0,0.132,0.732
5DfAEpcoV9jlKAD3z8gf04,291147,5,138.73,3,0.46,0.548,-8.914,1,0.035,0.185,0.0865,0.223,0.126
6JLbIGDX7obLLH6xEMPxjP,393200,4,77.199,4,0.452,0.97,-7.326,1,0.081,0.0167,5.9e-06,0.885,0.327
1ZhHz69ImXrCo2KMZpx4B8,234053,9,99.946,4,0.726,0.877,-4.711,1,0.032,0.000621,0.344,0.036,0.598
3OJwBfQVDs18I9C8aMC2XZ,155267,1,144.809,4,0.363,0.843,-9.858,1,0.0413,0.000608,8.3e-05,0.0671,0.644
37S5UHozlBoG7AH1kN5Y1l,328933,9,132.543,4,0.59,0.78,-8.268,1,0.0591,0.0066,0.00131,0.154,0.641
1JvV5AARVBRFgoVWc5zxHq,211133,1,93.275,4,0.356,0.952,-6.74,1,0.0887,2.96e-06,0.494,0.67,0.148
1pnfmkhTrlxzVg30qofBWM,233693,10,124.979,4,0.667,0.753,-3.035,1,0.0336,0.475,0,0.0915,0.699
5YSVe3WqeJTfHflRG7Yd7Q,248081,6,99.255,4,0.419,0.931,-4.838,1,0.0438,0.00616,2.6e-06,0.119,0.429
4z2J4TZGFDIVd0HPyAkkhG,246120,10,73.969,4,0.784,0.461,-6.22,1,0.0464,0.245,0,0.061,0.511
29dZWTUi2AN9gOS1IptReg,189661,10,131.041,4,0.688,0.454,-11.328,1,0.0307,0.0211,0.821,0.215,0.361
7aHOaeU6ITIxPaVuGQzg0w,226080,4,147.074,4,0.4,0.0834,-16.306,1,0.0433,0.925,5.28e-05,0.131,0.354
4q8U0NZbjqJRjoBcHAeVRE,318320,6,108.91,4,0.412,0.935,-7.448,1,0.0452,0.00731,6.06e-06,0.99,0.432
6rxr1fpz3pE7VSHtsE7dTB,465573,2,172.249,4,0.167,0.997,-5.993,1,0.15,0.000601,0.593,0.946,0.0359
24SGws6o7m3TzROMO5Qc0g,163107,7,76.939,4,0.617,0.761,-6.815,1,0.0466,0.689,1.8e-06,0.354,0.74
449DFUJKZlzSO684XlVjEn,260600,2,123.396,4,0.719,0.347,-14.707,1,0.065,0.058,0.00126,0.12,0.961
7LFTJo8IKwm71Xnb8ffadU,269358,8,122.961,4,0.8,0.86,-6.464,1,0.0526,0.00184,0.265,0.0234,0.559
60wrTW60WiE0qyUjd8dIiP,197515,11,145.019,4,0.364,0.347,-7.267,1,0.0329,0.843,4.94e-05,0.104,0.194
6xbxPAAGYSVaAbXMwOwxAO,267627,0,127.949,4,0.777,0.945,-7.335,0,0.0655,0.0197,3.75e-06,0.125,0.778
4HbFePFLQ82yYGf58Ait7h,268493,8,75.339,4,0.167,0.994,-5.589,1,0.167,0.000112,0.198,0.961,0.0337
57bOmBxu4t5vtlsI88tdRH,189827,2,143.424,4,0.479,0.82,-8.262,1,0.0567,0.000396,0.000844,0.148,0.588
4qgkQB4SG3aaTsmA6nFPGn,195893,8,144.495,4,0.345,0.209,-14.865,1,0.0369,0.776,0.000195,0.276,0.389
4Djv64pynMBVRER1eWxxCH,187813,8,70.442,4,0.435,0.106,-15.568,1,0.0346,0.933,0,0.278,0.278
0AeoTwCKDpjHE7acLKbvZq,185067,8,104.883,3,0.425,0.364,-8.829,1,0.0284,0.702,6.84e-06,0.262,0.651
6UdqHIPA1p6efipIwvfAXQ,189507,2,202.312,4,0.237,0.728,-6.713,0,0.101,0.0603,0,0.71,0.531
5QTHeSGe4VrmGdQoqFeJ6i,242267,6,145.001,4,0.624,0.885,-4.178,1,0.0288,0.0129,2.35e-05,0.1,0.552
17caqJBGuCh5THQYgDPVpr,235893,7,108.253,4,0.764,0.779,-6.689,1,0.036,0.293,0.000578,0.115,0.856
2gDyoZMHoJYYJHDan0INUw,410027,6,135.862,4,0.517,0.893,-5.028,1,0.0308,0.000728,0.495,0.0744,0.248
5StwB2bUcXscTgVAugpnVY,236587,2,179.449,4,0.664,0.622,-4.18,1,0.128,0.000664,0.152,0.267,0.377
6VW5XuLTOO0kxeYjExsW3k,459493,10,107.211,4,0.521,0.847,-7.328,0,0.0356,0.00547,0.223,0.11,0.83
7hVubnmukfvV2dUXoxybpJ,164200,1,167.654,4,0.342,0.94,-10.995,0,0.0886,0.00135,0,0.0697,0.546
1790HIpw4Z9KvmjRok5LOf,202587,0,121.476,4,0.764,0.593,-12.377,1,0.0433,0.00431,0.706,0.22,0.741
0RTze5pgUwbwkgWSLHVzYP,213656,1,103.996,4,0.832,0.721,-7.163,1,0.193,0.143,0.00013,0.181,0.333
2gRzGvHrLHwnqTZRcxhEOB,254893,7,139.839,4,0.739,0.833,-6.389,1,0.316,0.0706,0,0.0341,0.899
2GRa3KGxS5Lajsn0EGpfJr,346637,1,137.764,4,0.359,0.625,-9.643,0,0.0351,0.369,7.7e-05,0.0674,0.524
6SRadf7zJ0PdkSqQ4Sqkvm,203493,0,114.152,4,0.368,0.95,-3.394,1,0.0491,0.00145,0.0268,0.469,0.322
45CjOF0JC45e9W4F5lqMfs,288320,2,152.856,4,0.328,0.928,-8.32,1,0.102,0.000246,0.0344,0.126,0.246
4tVb2cmVCIDIawFzfgpHuu,300039,9,101.003,4,0.576,0.0573,-21.272,1,0.0334,0.713,0.164,0.0929,0.195
47Su3I4zBC3rl0eF3nyXRO,152107,10,106.188,4,0.177,0.98,-5.221,1,0.12,0.00304,0.0108,0.0744,0.238
0Bp2cPJkH17XzwYOBLqq1j,541453,7,120.013,4,0.77,0.915,-4.53,0,0.0421,0.11,0.465,0.0735,0.489
24QhcOQRJm9alVAn0t2KMD,201440,3,129.896,4,0.842,0.731,-3.962,1,0.0364,0.122,0.0739,0.112,0.708
0jhq2T3RaIQWN6YXmQ9IhM,171587,7,108.127,4,0.398,0.87,-6.682,1,0.0744,0.288,3.53e-05,0.866,0.503
0kCuhwGrkxWSNgKpCaNXS4,405330,6,109.998,4,0.625,0.119,-15.729,0,0.0455,0.952,0.883,0.113,0.0749
0mN2Zf1wnsD0rg2mT4939P,295000,2,102.809,4,0.513,0.929,-13.264,1,0.0424,0.000907,0.016,0.0546,0.402
0RAqGFqsW6moDVpJw4ky8c,284107,5,138.095,4,0.371,0.972,-5.055,0,0.0969,0.000596,9.78e-05,0.172,0.133
4veeNpXDK1YRHMTJ1Cppsg,404387,9,139.983,4,0.607,0.804,-5.209,0,0.0296,0.00116,0,0.159,0.469
0VYtdOeCi2bABbNGZKUUwM,244540,6,176.255,3,0.355,0.542,-12.69,1,0.0347,0.0185,0.804,0.369,0.445
2vs2SPrcsd1oLpaOXRoIRI,239867,1,99.976,4,0.768,0.642,-12.577,0,0.047,0.0135,0.866,0.113,0.608
2QbcG4xpiTsl2hohEc9Fs9,233613,0,97.48,4,0.506,0.557,-8.784,1,0.0248,3.23e-05,0.891,0.137,0.26
41Li90XjyI91unMZ3n8iPS,269120,9,129.983,4,0.865,0.735,-5.099,1,0.218,0.0568,0.0325,0.326,0.711
6gbQUo6PAVgOMdiikQkUDR,213947,0,130.096,4,0.811,0.968,-3.857,1,0.0416,0.164,0,0.0659,0.712
0NpYrS7JmXfebasy7FgOTE,119440,2,107.994,4,0.794,0.771,-12.959,1,0.0689,0.00301,0.959,0.144,0.978
1AfN30aBE0GE35jogXpquJ,133480,6,78.903,4,0.695,0.589,-5.924,0,0.0635,0.831,0,0.341,0.951
5C22bMC8yYqpButBDQAWBs,262440,4,164.16,4,0.505,0.809,-4.832,0,0.0827,5.64e-05,0.197,0.0848,0.489
1m4juSgqYduHQSe2Ag1kSp,214547,0,129.465,4,0.641,0.826,-6.628,1,0.0482,0.265,0,0.103,0.884
4I2tSqOyOqnmElRTiYpWcW,245056,7,94.983,4,0.742,0.458,-12.572,1,0.0298,0.00158,0.000257,0.289,0.856
5JoFyHqS4g8Pq0ADQosPfH,167293,11,171.606,4,0.284,0.971,-6.522,1,0.22,0.000494,0.00204,0.169,0.521
4LctQECackcnHzwsYSGNfN,202292,10,119.255,4,0.717,0.22,-12.93,1,0.0429,0.696,0,0.151,0.518
3W74qMkwPGmACu9B2V97na,366880,11,136.466,4,0.678,0.707,-13.679,1,0.0894,0.00116,0.0504,0.654,0.511
1Ppf9vu8Hz6LmTqUVBgRlM,257280,6,74.044,4,0.54,0.39,-9.104,1,0.0277,0.0805,0.428,0.0677,0.223
5hSIEcbIoUjURAwqst6TQS,286587,0,114.039,4,0.305,0.937,-4.478,1,0.162,0.153,4.15e-05,0.639,0.115
1np2pyMMH4Vqa7PsYq1I2F,476752,8,150.007,3,0.437,0.698,-14.152,1,0.0287,0.0135,0.654,0.0816,0.36
50t8QC2hNcXOrgjV1yPLuT,216573,1,107.02,4,0.597,0.899,-4.975,0,0.0333,0.0234,0,0.0638,0.582
2DgdJFxiQBwLnivriXfoTy,249613,8,88.608,4,0.61,0.458,-12.932,1,0.0295,0.858,0.806,0.109,0.439
2SpDIwFfyCNj30JwWCtCZV,243320,1,178.093,4,0.447,0.958,-3.067,0,0.0585,0.0103,0,0.0534,0.923
7IO8ZCSGMI5rWVm3uHtKII,53600,7,81.033,3,0.683,0.627,-9.109,0,0.671,0.858,0,0.276,0.965
7ps2hTGkN1rOHwZDaLA5Ag,311702,7,109.987,4,0.666,0.579,-6.714,1,0.0275,0.0349,0.0161,0.112,0.388
07RUSz9jW9YpJM5f1jps0V,256493,1,69.986,3,0.468,0.0133,-24.042,0,0.0312,0.919,0.678,0.0925,0.0691
4EAj13nGix9FuwEMN0GkS8,231707,2,131.972,4,0.648,0.0843,-18.815,1,0.0333,0.935,8.38e-05,0.113,0.348
4vlWasjrvnCirAijctC1qx,240000,2,116.445,4,0.45,0.975,-3.939,1,0.0768,0.0265,0.0075,0.988,0.558
6MhAIKoJd9gzQH30p7yjcB,196133,2,86.13,4,0.418,0.285,-9.43,0,0.0291,0.83,1.53e-06,0.233,0.4
1yXnd6CvajKGx0uxRiDIe3,213160,0,98.932,3,0.551,0.325,-13.507,1,0.0286,0.81,0.000112,0.115,0.496
4fI6guD9iJVpLgRLEy3o6u,365547,10,128.776,4,0.7,0.983,-7.015,0,0.0442,0.000637,0.853,0.0738,0.419
43WFoil1sBGfM6eoy9i2ny,193421,11,112.998,4,0.64,0.648,-12.634,1,0.0292,0.00268,0.851,0.217,0.79
6LnT40TdDDOhRm6pvwaYEL,286120,2,181.94,4,0.313,0.59,-12.511,1,0.0346,0.00612,0.00269,0.973,0.562
6v20wJBTW0XETsEmTRAFH9,246503,6,110.002,4,0.497,0.789,-15.891,1,0.0525,4e-05,0.968,0.244,0.525
2nm6G7jgX5S0ALBrwY6hkc,233920,2,191.26,3,0.179,0.983,-3.7,1,0.192,4.75e-05,0.214,0.412,0.178
5BxFSYdVPZS7HzeFLb1Mce,221507,7,155.602,4,0.423,0.943,-7.252,1,0.0563,0.0338,6.8e-05,0.391,0.675
4yxXNjNpsFWBiVACj515of,207080,4,131.408,3,0.301,0.172,-19.848,0,0.0336,0.722,0.0489,0.516,0.122
62PoTJ8ECSYOqrMbU6OfKA,265627,1,95.527,4,0.614,0.657,-7.559,1,0.0245,0.369,0.154,0.113,0.699
66ZdHWTZiZc0uUhhrK1L2s,291094,4,156.011,4,0.375,0.952,-6.338,1,0.0499,1.59e-06,0.835,0.43,0.69
4oE78zczqHIQ4wraeGvO4K,210253,1,83.804,4,0.441,0.675,-5.86,1,0.027,0.163,0,0.121,0.382
0bhTxK7ttk74W183Y4YbjT,338480,7,132.008,4,0.63,0.61,-7.593,1,0.0356,0.000326,0.796,0.129,0.693
6R327JPuwmklSRSkI2lB5L,242317,8,119.023,4,0.612,0.575,-14.723,1,0.0299,0.00196,0.418,0.172,0.271
7wCqndG0Gba62kMX5SA1vf,196360,0,76.979,4,0.601,0.643,-4.581,1,0.0272,0.155,0,0.283,0.387
4YNp7tiPGpUFslLLZQIEYl,253533,5,94.78,4,0.666,0.844,-3.981,1,0.165,0.171,0,0.316,0.504
3F6RRQcTUUb5Iqon602Fmr,451467,10,159.99,4,0.692,0.74,-11.848,0,0.0768,0.107,0.911,0.194,0.661
2ubjMDZiJTsGdpcpeDN6Uu,83507,11,93.618,4,0.647,0.815,-5.924,0,0.0661,0.00713,0,0.596,0.253
4padd9GvLzfjbJDFJAbIlW,176000,1,119.963,4,0.671,0.462,-17.269,1,0.0497,0.00026,0.559,0.119,0.0444
5HAc5tQHIQpzSKWPnIFBL7,245973,4,115.71,4,0.782,0.567,-15.478,1,0.0339,0.0307,0.00583,0.33,0.8
6wzvSXi8U7cW1ZpUwI6AiX,286813,2,94.1,4,0.484,0.971,-2.993,1,0.0421,0.000115,0.0111,0.0537,0.645
0RRMVjSizgctGx2kiQ770i,262587,1,95.073,4,0.559,0.492,-8.217,0,0.0257,0.00357,0.00686,0.0769,0.143
4wHJrIAd6wltd3O5nm2gl2,206800,7,100.361,4,0.522,0.221,-28.108,1,0.0402,0.968,0.958,0.0932,0.091
2ly0rpPCtErcfnL03fQfeQ,246880,10,139.989,4,0.467,0.682,-8.148,0,0.029,5.24e-05,0.0149,0.208,0.485
65cRdlKLfDYgmTMqNHsPKz,225173,0,76.938,4,0.523,0.102,-16.108,1,0.0288,0.934,0.00137,0.0907,0.291
4NKDV9b8CqtQbPNf2itBwk,195747,6,101.902,4,0.752,0.452,-12.357,0,0.0557,0.153,0.892,0.103,0.235
7ywI7gefw3CqkKg5OqIadL,199459,0,126.747,4,0.308,0.9,-6.797,1,0.0312,0.000362,0.691,0.158,0.166
7KGagUZtvHoJTQYcjid1zw,212423,8,91.02,4,0.733,0.543,-9.698,1,0.0428,0.000585,0.916,0.366,0.77
2FygM1rYuBLEYn6l5BOr46,197303,7,169.982,4,0.585,0.799,-6.997,1,0.0474,0.00232,0.413,0.056,0.838
4ZVZBc5xvMyV3WzWktn8i7,141507,7,114.523,4,0.807,0.497,-10.656,1,0.0297,0.306,0.0323,0.043,0.765
631kw432erSQboVocHkmsn,238253,4,120.919,4,0.386,0.42,-11.459,0,0.0365,0.58,0.00135,0.129,0.187
4Dq9oxdftcd4PY5pJGPPfI,295693,5,122.0,4,0.709,0.809,-11.064,1,0.032,0.13,0.0143,0.083,0.755
0AkXbc1NHRZPJqGAVYYBm2,240720,9,80.948,4,0.507,0.411,-14.598,0,0.0323,0.578,0.0124,0.0526,0.323
0uGQvqF1x4CzVgeDn9YbJW,267627,8,161.98,4,0.445,0.834,-6.39,1,0.0437,4.43e-05,0.00296,0.0882,0.462
0ZHPg1DyO3HzXO1ErABLqy,81453,2,85.52,1,0.181,0.0567,-25.07,1,0.0366,0.618,0.672,0.274,0.033
0U62QySoA4OTOTePmfz8T6,213080,4,90.852,4,0.746,0.844,-8.154,1,0.191,0.113,8.71e-05,0.39,0.511
1P7jC3ryuu8ML2fO4tzvJX,524533,5,88.647,4,0.392,0.594,-11.059,1,0.0443,0.19,9.48e-05,0.149,0.304
5LzVR2zTDVyic0tpIx8LVm,530120,1,130.0,4,0.708,0.906,-5.961,1,0.0494,0.0237,0.283,0.0827,0.599
6iIvmYKAKAUQuuIvDUpeng,251707,5,142.076,4,0.682,0.251,-14.778,1,0.0296,0.421,0.493,0.0826,0.417
4HjPNneoMIOsooRX1NNnpC,197040,4,111.992,4,0.717,0.574,-8.341,0,0.0387,0.239,0.59,0.135,0.911
5KgFntPUr4XkU7tZEp133C,187067,9,99.974,4,0.687,0.249,-6.34,1,0.0274,0.755,2.6e-05,0.0856,0.402
5SSDwSHHbQ6TAhZjqJw8T6,380920,3,94.067,4,0.438,0.863,-8.063,0,0.0588,0.00214,0.33,0.985,0.275
7FknBUKLWwjWszRK1N0jqe,121010,7,104.006,4,0.766,0.498,-10.147,0,0.0519,0.00195,0,0.306,0.496
3GOopTFxof11IoLsDwE7u1,264828,11,108.922,4,0.651,0.701,-8.233,1,0.041,2.03e-05,0.923,0.196,0.826
49gmcLT0YsSem8zmNBRlOi,204133,2,126.936,4,0.582,0.916,-8.391,1,0.0352,0.00261,5.69e-05,0.3,0.579
3lcMoX0IkGo3Iy9hAsgmlJ,227000,5,130.705,5,0.176,0.0187,-33.58,1,0.0399,0.993,0.847,0.153,0.052
3EZzghqykkfOB0Z8d0kTSt,260360,5,136.12,4,0.555,0.868,-3.798,1,0.0403,0.0664,0.000117,0.116,0.479
4kIbEm8G3SovNiaNGdpXdI,497000,6,125.086,4,0.65,0.851,-10.765,0,0.136,0.00133,0.805,0.042,0.806
7Jvm7xMoVVfoimbJKAqhDQ,266893,2,148.161,4,0.454,0.761,-6.75,1,0.0331,0.00842,1.56e-05,0.246,0.521
4C5CP8wynweyINnCeVVFEL,29276,2,162.16,4,0.268,0.743,-7.367,1,0.0447,1.11e-06,0.906,0.291,0.0364
7dHE2A5bRxixSJTrEw3gTY,189652,7,136.674,4,0.561,0.748,-6.204,0,0.0441,4.23e-05,0.577,0.146,0.0399
2aP0M1fWX73iAGI2eDS1cQ,247467,0,86.009,4,0.519,0.431,-7.47,1,0.0275,0.602,1.46e-06,0.113,0.209
2XLwozira7HwrRj4IFtSz1,171480,8,83.858,3,0.358,0.285,-13.262,1,0.0325,0.884,0.000477,0.0452,0.38
5OZ8ZKiqLO1hi36qtsGEpx,253267,7,188.577,4,0.342,0.486,-9.962,1,0.0443,0.65,0.00039,0.107,0.358
4VSEudOEf9OS4XsUleXDS9,243427,4,169.377,4,0.485,0.855,-10.042,0,0.141,0.00132,0.115,0.134,0.567
0oTVTjMgjp7COWBTF8kGdY,215015,4,92.599,3,0.2,0.903,-5.641,1,0.0659,0,0.779,0.0228,0.182
5e5OOuvw0LGlarWgsBh93l,278880,1,111.973,4,0.625,0.957,-9.374,0,0.0433,0.0187,0.00183,0.457,0.495
5f2JQZ5hzijMZzrSDsm6dh,207133,8,96.015,4,0.731,0.74,-6.307,1,0.457,0.449,0,0.13,0.588
4WXFbAIn87IqibloxeCZFm,338933,9,109.605,4,0.583,0.705,-10.968,1,0.0444,0.036,0.864,0.306,0.808
0QJQ9XxxEuNvrRH9oezyZm,105648,1,110.255,4,0.606,0.962,-6.504,1,0.0455,5.54e-05,0.739,0.71,0.292
03bquTd9q8qBnaXkofOF7r,226560,1,92.345,4,0.391,0.947,-2.873,1,0.0913,8.61e-05,5.05e-05,0.0636,0.316
5goKXSp3jBrQqh6fYQq6ii,266667,0,124.665,4,0.603,0.598,-11.268,1,0.0546,0.0455,2.13e-05,0.0812,0.628
49hYRPJtkmvLuGlXVCjctz,244613,4,74.181,4,0.399,0.521,-6.528,1,0.0279,0.00193,0.0115,0.112,0.115
0vsulW2BFnOYOAEJLNXzkJ,248467,11,142.02,3,0.477,0.269,-14.048,1,0.0293,0.844,0.0692,0.107,0.524
4tmFYn3p9grRDeGBQLPkZO,314933,7,148.909,4,0.577,0.749,-6.815,1,0.177,0.0119,1.31e-06,0.206,0.698
5JCC393sxo9xj7oQQY0Deo,177093,10,80.106,3,0.48,0.507,-6.667,0,0.0276,0.89,0.000169,0.508,0.411
3QertLLqa6WNQLpvCLLpJw,364547,1,97.383,4,0.602,0.615,-11.287,1,0.0352,0.026,0.541,0.659,0.531
2G3gC3UA2oBsN9fIdrevjp,138762,9,178.938,3,0.535,0.227,-13.981,0,0.0727,0.935,0.851,0.116,0.327
3Hbbkj9PerBqZJ9DjINjN6,233000,2,120.384,4,0.491,0.985,-4.849,1,0.113,0.00387,0.0411,0.833,0.305
2XfpBOYOx07zp7CbWU2miA,130400,5,146.151,4,0.506,0.606,-5.803,1,0.0635,0.762,0,0.272,0.873
1kTf0Ck96AFa9HMU5zOVR3,207862,0,118.008,4,0.791,0.676,-10.346,1,0.0519,0.00555,0.172,0.38,0.469
3mJllablaiApFnnjLt7R0i,162280,4,116.029,4,0.639,0.175,-11.539,0,0.0586,0.993,0.536,0.12,0.67
2XEV7SxrScUOBZIYcV5VhQ,214587,2,91.572,4,0.597,0.436,-7.048,1,0.0242,0.415,0,0.11,0.201
5EYPXeAzuSfev4yggcUulv,271907,8,153.973,4,0.758,0.954,-4.573,1,0.108,0.196,4.11e-05,0.0531,0.924
7bGBEdxKvDytsi9yvvDe8F,199065,11,89.278,4,0.392,0.905,-4.634,1,0.0687,0.162,0,0.181,0.698
4akfmiPu5YLAJCkPcHuWqA,266102,7,109.247,4,0.593,0.422,-12.481,1,0.0259,0.521,0.647,0.136,0.303
1gpHXN67EdbkO69UXj36gS,201133,11,184.181,4,0.213,0.866,-4.071,1,0.113,0.00164,3.59e-06,0.139,0.502
486b09QrW8Ta3fu3GU7bzl,285989,7,99.504,4,0.693,0.465,-7.428,1,0.0259,0.00605,0.661,0.166,0.306
6kFgdMeU38AroJko2sVrU7,257040,1,121.497,4,0.625,0.805,-5.609,0,0.0252,0.00115,0.732,0.227,0.607
7sR5DBFnCtCzaSg3rkamCF,186893,7,106.005,4,0.819,0.546,-7.337,1,0.0828,0.0335,0,0.252,0.662
1UrkRHXB4W9hSlIk8fK4wV,245133,9,133.771,4,0.745,0.755,-7.53,1,0.0318,0.0626,0.00659,0.169,0.847
5fRA3P7W4iwBX1koITvU8H,306240,10,138.087,4,0.342,0.215,-14.082,0,0.0303,0.743,2.24e-05,0.117,0.19
51TG9W3y9qyO8BY5RXKgnZ,246733,4,139.903,4,0.61,0.891,-5.452,0,0.0587,0.000805,0.0928,0.0657,0.51
02135uorDVN8NLPSizvxge,421251,0,100.011,4,0.739,0.657,-7.378,0,0.043,0.000598,0.81,0.0912,0.721
0yhfiSh2c1o7ldtAAiAE8M,229956,4,148.956,4,0.668,0.574,-11.531,1,0.046,0.0136,0.945,0.0714,0.965
4ihIwyQv7uV5WomdDGz3Vs,225981,9,141.682,4,0.509,0.903,-5.652,1,0.0352,5.45e-05,0,0.154,0.595
5dWmY016Uxi0WDhFiuOBY8,276883,9,178.528,3,0.672,0.871,-9.967,1,0.0422,0.0967,0.814,0.0923,0.829
7bkiV38wk49hFnOTtF3oem,212107,1,114.966,4,0.203,0.983,-6.432,0,0.177,5.48e-06,0.359,0.314,0.113
0sCM0lKaFjmkrpSeIrRgbc,380560,4,157.57,3,0.331,0.837,-6.105,1,0.151,0.34,3.64e-05,0.0823,0.331
60bhfhMEK3PkLWSrlbSr6o,279015,6,184.025,4,0.552,0.393,-9.494,0,0.0269,0.425,0.623,0.164,0.433
7lMg8fZxhAwAkqetGiNzRV,170867,10,137.01,4,0.762,0.658,-4.75,0,0.0407,0.00341,0.0339,0.0755,0.67
50KHAAL1o4PlnHVser1So4,420933,7,131.739,4,0.488,0.806,-5.33,1,0.0434,0.00104,2.09e-06,0.0725,0.352
5Gcvy4sBxYdpWj2f54K2ua,153442,4,155.251,3,0.566,0.728,-4.546,0,0.121,0.183,0.00425,0.11,0.467
2M22j6n7OzCpEP5Yaw8leV,217493,1,183.936,4,0.407,0.942,-6.149,1,0.0953,2.33e-05,0.209,0.0864,0.562
4kp9S9i0pkqjfnIuT07pHF,219667,4,105.936,4,0.482,0.705,-7.749,1,0.0706,0.503,0,0.99,0.408
7tLBL5SDb5nu8AYN87YL6j,362303,10,184.018,4,0.358,0.307,-16.663,1,0.0585,0.209,0.853,0.109,0.307
6QofUtiKIfxmZC3Swgi7KV,331091,11,111.997,4,0.621,0.828,-12.105,1,0.0456,0.116,0.76,0.102,0.676
6JskL87yOYbBhHD1Piul0M,233227,0,130.025,4,0.495,0.976,-5.372,1,0.136,0.000211,0.000783,0.971,0.52
6uzdATVo4TbxZBBqvHK0v8,208475,1,118.011,4,0.623,0.099,-22.24,1,0.0394,0.919,0.878,0.142,0.0628
6HWxDJN1GQ10yjKuwyGRDF,169060,1,145.006,4,0.544,0.904,-11.385,0,0.032,0.00621,0.52,0.324,0.296
06thtzdA3Q37XmHjCZkFoM,233627,11,116.887,4,0.735,0.623,-5.561,0,0.0373,0.00218,0.000691,0.128,0.752
4Zi1fA8P2yyUDsLHVnBSBi,842000,5,80.043,4,0.239,0.57,-11.016,1,0.0498,0.0477,0.00113,0.975,0.129
2VGVJPcuOYNVWc4d9PXYrc,269467,1,124.011,4,0.74,0.784,-4.478,1,0.0308,0.0438,0,0.0567,0.928
3eoWco00egdx5jhQkjprCf,498547,10,174.693,4,0.692,0.653,-8.866,0,0.0693,0.0545,0.00214,0.126,0.917
7bGGB0nsI3OuyZnCYQ5WRU,255500,4,133.852,4,0.467,0.908,-6.458,0,0.0808,0.0697,0.00521,0.284,0.594
4UDYoVoQJpUPQAmWTrcPGF,377922,8,105.107,4,0.242,0.993,-6.172,0,0.204,3.14e-05,0.225,0.738,0.0323
0RbT4FytoPsDK3vGWI81hb,438373,10,122.914,4,0.295,0.306,-14.776,1,0.0355,0.94,0.544,0.0971,0.0714
115nSWM9w5ZjHC45wDfw1r,196733,2,129.035,4,0.646,0.912,-5.55,1,0.0309,0.104,7.06e-05,0.429,0.971
3d9QskWZTL1lSf06nlY6X1,229720,11,98.119,4,0.865,0.956,-1.468,0,0.278,0.381,0,0.0326,0.823
0WhT7JZ3tFKjBFcF0Ms2EZ,248880,8,129.931,4,0.776,0.673,-8.127,1,0.056,0.000231,0.57,0.0276,0.89
2IYLElXTVbLX3gvaCqO8CR,196480,2,101.965,4,0.724,0.892,-5.283,1,0.146,0.000177,0.0126,0.329,0.469
3AvADICzJ5BJtcL1PgINFT,164824,0,98.911,4,0.509,0.164,-17.673,1,0.0477,0.881,5.98e-05,0.13,0.118
0u35XeXftOceqNf0F08vX8,188989,9,150.888,4,0.53,0.488,-12.745,1,0.0247,0.12,0,0.537,0.753
3iEhOr6ydJp2aRSSRELiU1,382000,1,102.387,3,0.595,0.71,-8.007,1,0.079,0.00586,8.04e-05,0.0737,0.331
7HeNPlvf9guHiinqAAXR0L,265013,0,95.987,4,0.628,0.786,-5.665,1,0.0542,0.31,0.859,0.111,0.216
0oU0P4nCjCfB696EFR2Rzh,290160,5,109.972,4,0.707,0.528,-7.715,1,0.0581,0.296,8.77e-06,0.166,0.473
7ue5Jmm20V93b2PwOviSoz,163933,0,137.578,4,0.344,0.362,-14.936,1,0.0394,0.979,0.816,0.0976,0.519
2SHg2jp8v8B75tNiZ56PGm,149733,0,164.865,4,0.287,0.968,-3.484,1,0.179,0.00017,0.55,0.16,0.623
7ymdy7mDLTkgHrU8EsM8jc,180733,2,95.698,4,0.858,0.722,-8.744,1,0.0872,0.453,0.000165,0.0315,0.968
10ZBLrEPlfNBtauRjEaYvW,127267,11,196.313,4,0.225,0.907,-11.549,0,0.0537,0.00353,0.111,0.363,0.238
4POp9BQQSHeIAJ8Jy12zAv,398600,10,96.027,4,0.766,0.521,-11.273,1,0.0462,0.148,4.88e-06,0.0894,0.682
5KzjwoG5jgPQYrAzUtPaGz,495493,11,125.999,4,0.896,0.491,-11.17,0,0.057,0.0291,0.0391,0.0767,0.927
2Kw0GR5py9yEwBy92TCEBs,253093,2,107.997,4,0.833,0.529,-10.095,0,0.0623,0.212,0.388,0.0927,0.292
0SM15LaGGbCO0nXhNwjBgi,193214,4,91.154,4,0.634,0.332,-13.886,0,0.104,0.385,0.0282,0.0926,0.727
2kPcXMGO3TkU4e9VKqHggI,368826,5,117.593,4,0.758,0.536,-8.115,0,0.0329,0.00781,0.0198,0.0771,0.599
4accVunoUXcTKx0C9O2jRk,123467,0,131.317,4,0.377,0.998,-3.033,1,0.195,0.0332,0.000554,0.715,0.0396
3JRNBWyfzYO0oetcn5Tlmq,227707,0,121.865,4,0.597,0.564,-10.92,1,0.0301,0.608,0,0.0794,0.909
3pEUFIAdODqHcLXTQdsBze,303609,0,117.233,4,0.886,0.46,-7.674,1,0.0719,0.0302,0.837,0.0607,0.795
6hbiDyL8RaO2XcUruMYzJI,224787,0,114.683,4,0.575,0.304,-11.508,1,0.0296,0.817,0.000108,0.109,0.398
4ZZ1ATGgDUsNywHYywqsV1,196273,7,135.512,4,0.5,0.735,-6.206,1,0.133,0.028,6.06e-05,0.128,0.533
5lRDJQ9RsfuncjKXVibraF,236613,10,130.028,4,0.624,0.879,-9.143,1,0.0421,0.00251,0.0277,0.0654,0.741
3tNADaaqq6w2GxRio5wRkx,338125,4,165.231,4,0.452,0.933,-5.128,1,0.0606,0.0481,0.00555,0.466,0.671
35fkhCFPIdkr77LWJHVwWj,291013,0,119.937,4,0.664,0.566,-6.855,1,0.0294,0.283,0,0.152,0.601
0CNhMbGhJpIR9cFOMIJdHv,250067,0,67.722,3,0.182,0.0686,-22.976,1,0.039,0.833,0.867,0.115,0.136
1tV2wtJJzVANnDlWuIU01I,372880,11,95.984,4,0.467,0.78,-7.249,0,0.0636,0.248,6.74e-05,0.95,0.383
7vywn4i6msKXY8DqwAqbOl,305427,7,170.91,4,0.534,0.747,-10.224,1,0.0356,0.299,0.000108,0.0654,0.683
4a5CWWhinEkhdWgBYg19wF,324303,4,133.323,4,0.565,0.829,-8.254,1,0.114,0.23,0.00137,0.791,0.166
1yPzaIc4flWvb8irz90Ma4,197333,1,115.384,4,0.79,0.903,-8.463,0,0.0868,0.068,0.00158,0.169,0.814
0jXoRGnRMQ5j3fybLvGfj0,202580,9,147.512,4,0.641,0.701,-6.841,0,0.0306,0.00995,0.11,0.0244,0.896
3SxNkcipW8uW1pjqdNcpDh,296627,1,107.71,4,0.693,0.615,-14.595,1,0.0332,0.35,4.61e-05,0.159,0.808
1pf8ma2mASaHA4hQQsTylf,299720,7,87.014,4,0.734,0.745,-9.428,1,0.0886,0.12,7.78e-05,0.0794,0.805
0w3Q14i073jLoew1hgJkwD,205200,9,116.0,4,0.596,0.834,-4.308,1,0.0474,0.0563,0,0.0866,0.618
3q0NwIecnNK8DIE6m77PvI,203000,5,140.191,4,0.784,0.485,-5.116,1,0.0952,0.469,0,0.2,0.581
6tkOWuFOQQLk3rLDH4iogN,142080,2,79.939,4,0.473,0.323,-10.809,1,0.0278,0.687,6e-05,0.11,0.234
49gmcLT0YsSem8zmNBRlOi,204133,2,126.936,4,0.582,0.916,-8.391,1,0.0352,0.00261,5.69e-05,0.3,0.579
23wKcjRrQ6G0lGXDTHIsWZ,335449,1,143.541,4,0.594,0.417,-9.944,0,0.0343,0.724,0,0.0954,0.27
0lwDVTN4kU9oqQaeSRdnrf,212773,9,151.858,4,0.617,0.819,-3.469,1,0.0335,0.00372,0,0.0747,0.734
1U9lXyhyT5GFsE23zbgquy,329973,4,136.348,4,0.504,0.419,-10.228,0,0.0445,0.887,0.161,0.0729,0.465
6QWq7R8l7Ymj3o6X91eRq7,186680,2,93.964,4,0.664,0.771,-4.867,1,0.028,0.0715,0,0.0857,0.621
5D82CHH7AZA9XwbWOnqzwS,211587,4,76.811,4,0.629,0.243,-12.164,1,0.0523,0.961,0.857,0.223,0.586
7oYLVqR2yuVGXwnBb9rYrJ,673147,0,87.264,4,0.129,0.56,-7.89,1,0.0424,0.00166,0.5,0.292,0.186
14ej3SmGORg4gQAb8u0tkN,355640,9,120.404,4,0.507,0.808,-5.479,0,0.0333,0.00101,0.0471,0.0927,0.147
3ovSjW3kOkEzSayjYiegpq,215403,2,146.049,4,0.404,0.572,-9.594,1,0.0299,0.0103,0.64,0.325,0.242
54sZxcHbQubdbmjEdAFp7w,276160,0,95.645,4,0.739,0.934,-3.33,1,0.134,0.0619,0,0.366,0.735
00LfgvrbbyBfzbCT6Ajn0q,223920,7,85.318,4,0.577,0.117,-15.664,1,0.0284,0.889,0,0.109,0.165
6k2m3ZIrhsb4WAYWRckQc9,109173,10,165.142,3,0.402,0.238,-14.137,1,0.0416,0.905,0,0.237,0.376
31SCoEgEwQjvnWQbMQe2lq,262034,7,132.962,4,0.808,0.446,-12.444,1,0.0363,0.0571,0.711,0.0782,0.637
4VB4NkQr94VpZAOiGjxlJj,279480,5,169.978,4,0.532,0.37,-9.636,0,0.0272,0.0148,0.388,0.42,0.376
1U1zCoKnRIoCJMka7UdvtF,132960,9,88.623,4,0.564,0.946,-8.989,1,0.141,0.555,0.388,0.0333,0.454
3fSOG7zgMqbqr49ZDsiSBu,181000,1,138.885,4,0.28,0.983,-6.025,1,0.0932,0.000417,0.619,0.832,0.543
7IUVnMCrNDYX5zG8Vq86o6,256560,7,80.434,4,0.363,0.276,-13.607,1,0.028,0.534,0.00446,0.11,0.0946
5FySQ29KDAOUXTezlE0ckt,482667,6,107.748,4,0.707,0.717,-8.246,0,0.0867,0.0164,0.0317,0.0444,0.766
7sOTuISuI7WbyrIyzSCC9x,128173,7,136.866,4,0.588,0.922,-6.573,1,0.0374,0.021,1.34e-06,0.0835,0.968
2TTYIwTM2iLC1YOyHuhRMt,206227,8,95.026,4,0.765,0.791,-5.707,1,0.0317,0.262,0.000154,0.0669,0.966
2dxlpRXq3Uab3JR4LvJZij,401133,3,170.057,4,0.0829,0.145,-21.912,1,0.0399,0.935,0.589,0.179,0.0894
15EVWwhua5i9upCmjelqP3,162547,9,127.002,4,0.968,0.949,-4.044,1,0.0608,0.143,0.202,0.0974,0.776
3TIrNRwMAicneeyTwCPzJI,379037,2,96.957,4,0.526,0.381,-11.746,0,0.0267,0.00577,0.931,0.0627,0.223
4ZMGiQnjnRSAEM09s61vg8,196000,4,169.893,4,0.618,0.7,-5.852,1,0.0951,0.131,2.08e-05,0.133,0.809
0bsXUo3nCf7c4nuV9IX7Vp,180880,1,117.548,4,0.498,0.659,-6.12,1,0.0339,0.588,0,0.104,0.602
4Z9F7oDP3pfWvcc8ne1Sae,627254,2,79.151,4,0.405,0.735,-2.844,0,0.0796,0.257,4.54e-05,0.958,0.406
1wTRHlgTIAHfz7vUz46zaR,218680,9,89.986,4,0.361,0.132,-16.954,1,0.0626,0.92,0.896,0.101,0.0487
0JZA2VVOA17V9Xs4dutSNx,191613,8,146.984,4,0.221,0.917,-2.534,1,0.0963,0.00141,0.00653,0.237,0.399
7fgQxIMO8E0sVRs5g4JFLM,136667,8,83.793,4,0.605,0.747,-6.923,1,0.158,0.244,0,0.16,0.886
1DQrF2NIydbMFBEdutB8MU,190400,2,113.973,4,0.359,0.962,-6.131,1,0.0738,0.000232,0.102,0.941,0.156
1DTlgwrwpvej865qyTWj7Q,238240,1,136.757,4,0.846,0.455,-9.902,0,0.393,0.0444,6.65e-06,0.213,0.485
7dE0vTjD3idDBDqE365ZEd,273293,7,108.697,4,0.851,0.923,-5.159,1,0.105,0.179,0.00707,0.102,0.829
6QDzHE20zDYEiaJXxWk3Db,213827,5,120.016,4,0.896,0.739,-6.719,0,0.123,0.253,0.00898,0.338,0.698
79URaWngchaf3t0rj4ISHt,190533,2,150.272,4,0.586,0.872,-4.643,1,0.0818,0.0053,2.55e-06,0.707,0.825
0eEgMbSzOHmkOeVuNC3E0k,225773,4,106.217,4,0.838,0.475,-5.505,0,0.036,0.000417,0.714,0.226,0.711
6hLeWVPM1fLB9rqAKGbcO8,268196,6,116.774,3,0.467,0.278,-13.793,1,0.0321,0.958,0.0176,0.0796,0.225
07WaEpXvWVAxnYLUPx5Bpz,422933,9,146.449,4,0.274,0.726,-11.541,1,0.0449,0.000212,0.0113,0.0993,0.426
3Dsm8ToKjI5J55Ce6iAXRD,333627,10,117.01,4,0.778,0.617,-10.701,0,0.0519,0.000253,0.664,0.0909,0.816
7EJJGW3cjh6JPBjNhHiEWk,297533,0,98.994,4,0.589,0.28,-9.374,1,0.03,0.947,0.674,0.178,0.351
4qs1JVhsu2ivfGEZVLvE7X,247714,6,140.017,4,0.671,0.191,-21.03,1,0.043,0.981,0.844,0.0965,0.161
6YgXaDKueKsXnFSioulxn3,120067,0,187.173,4,0.331,0.734,-12.613,1,0.086,0.449,0,0.11,0.571
7znjbX9XdoQayIrVNdd50Z,320253,10,130.359,4,0.653,0.149,-17.866,0,0.0392,0.867,0.000983,0.0986,0.481
6wpbwPmYXvgYsNM0i25H3f,265333,10,173.259,4,0.524,0.942,-3.903,1,0.227,0.0724,0,0.107,0.882
2rpm9uUiOI7FBtzh5jETND,216680,5,171.191,4,0.609,0.978,-6.541,0,0.0679,0.0218,0.894,0.205,0.97
20ZOVdpvy3wY2IW2G9tcwI,206290,5,110.99,4,0.719,0.545,-9.101,1,0.0493,1.59e-05,0.843,0.0662,0.865
2XTgNzgRdS9BrcMPGrYP3p,244762,2,126.028,4,0.657,0.0752,-21.59,0,0.0421,0.984,0.948,0.0717,0.0879
7mdfnHqZvYvZu6ChdixerU,175947,2,74.141,4,0.337,0.47,-11.236,0,0.0804,0.708,0,0.0861,0.54
4AxkduIlwmUbL6mJUxYAOm,281560,9,94.996,4,0.635,0.869,-4.99,0,0.0818,0.0201,0.00364,0.0527,0.593
7I3Z98BtyDkhPJG8ZtxDmr,223893,11,94.777,4,0.815,0.668,-6.164,0,0.274,0.118,1.44e-06,0.24,0.239
2bP4WMdMuK1GsCbB3iiH91,435587,7,128.01,4,0.728,0.735,-5.935,0,0.0614,0.000201,0.000767,0.325,0.474
2Ruu0tAMyAJoOvNPy5BuPC,162467,6,105.39,4,0.554,0.783,-5.852,1,0.0457,0.416,1.54e-06,0.631,0.813
0dNoEoJ2KitXKtdzZym5Jl,251693,9,95.8,4,0.527,0.81,-12.758,1,0.421,0.135,0.202,0.25,0.377
2yRDZ2K4HMKXHnCBbHPLuv,404267,0,97.247,5,0.254,0.0297,-23.836,1,0.0365,0.873,0.0453,0.119,0.0529
6vGAGKClfktfgMBunfcBD1,217013,2,125.025,4,0.925,0.604,-7.752,1,0.0386,0.000221,0.0493,0.0724,0.589
0dyuRncLykENmuLomfqh9w,331053,10,138.923,4,0.75,0.995,-8.189,0,0.0512,0.00244,0.607,0.332,0.906
54RgWAnj78E7pZFTGMFVZj,197881,0,80.05,3,0.569,0.377,-9.806,1,0.0261,0.903,0.637,0.123,0.533
0Vy9M8ovFEvuDeNpIbOJZ8,317880,10,72.522,4,0.628,0.723,-3.33,0,0.232,0.68,0,0.705,0.484
0nMouGwV9AuqXmK6w3QRLn,176237,0,97.498,4,0.794,0.602,-10.504,1,0.0329,0.124,1.23e-06,0.0464,0.905
0U62QySoA4OTOTePmfz8T6,213080,4,90.852,4,0.746,0.844,-8.154,1,0.191,0.113,8.71e-05,0.39,0.511
3dOOB00372mFALtaaIyg0C,194420,5,120.956,4,0.879,0.699,-6.894,1,0.0412,0.0487,1.08e-05,0.342,0.385
0YEBLJdmmqX2KNzWha3Bbq,173987,7,131.997,4,0.712,0.292,-9.888,0,0.0405,0.927,0.865,0.116,0.589
3kpFytS4gBZWo4BFkWtD6y,148913,9,77.916,4,0.688,0.364,-14.4,1,0.907,0.818,0,0.105,0.551
4F1nyc1ZnNL76y63cq2biO,177353,7,107.147,4,0.317,0.587,-11.716,1,0.0717,0.000615,0.828,0.142,0.127
0e5VrFQjet4JILqgZ6ajdG,189333,1,178.546,4,0.265,0.893,-8.912,0,0.209,0.00539,0.00319,0.0475,0.404
3ECWjfA4M9KaW2E6ejznyY,237160,5,100.511,4,0.851,0.738,-11.943,0,0.0644,0.0683,0.0163,0.0616,0.809
2O33cSAgwBgpBRHLkpgMnU,274274,7,56.501,4,0.761,0.683,-9.012,1,0.137,0.00068,0.912,0.0408,0.489
4VGjTWiWC2v03pvx99RuR4,209493,7,105.393,3,0.473,0.346,-13.997,1,0.0288,0.286,0.0238,0.463,0.586
45wneA2j0Z0WMnYNDO6Ad0,231093,5,92.938,4,0.706,0.727,-8.06,1,0.0317,0.0698,5.31e-06,0.115,0.903
468HLfBEz68i3PJLHxlv79,136920,7,99.084,4,0.54,0.694,-8.833,1,0.0262,0.749,0.912,0.144,0.819
3knQtNOvR1jTC1AH4Ub11s,211787,2,120.964,4,0.601,0.831,-8.582,1,0.172,0.000834,0,0.102,0.286
7mm14icE3ukRKbsSXGagVK,93133,10,98.664,4,0.264,0.799,-8.266,0,0.0905,1.89e-05,0.913,0.068,0.25
3EnRzkWsySOa8JBvs3sZKj,383773,5,126.925,4,0.792,0.893,-9.528,0,0.0452,0.108,0.000147,0.0801,0.77
6QJm7lLm4GhFnngt0XKI7P,235010,6,127.632,4,0.788,0.943,-10.177,1,0.0343,2.61e-05,0.857,0.241,0.951
5yEraBmKR0CXPwuAiFtchW,238640,5,179.811,3,0.297,0.308,-13.945,1,0.03,0.114,0.000241,0.0828,0.4
1vdvNkB81FT1zDdQdGVIKE,227440,0,145.004,4,0.557,0.746,-10.525,1,0.0419,0.000689,0.832,0.0649,0.343
15P9a4AXQaf9lWUGCjhBYj,220133,1,148.997,4,0.632,0.984,-5.192,0,0.0759,0.000598,0.677,0.29,0.461
4MAUVXJ4UGlPvuwuKPvczP,214400,4,108.1,4,0.672,0.898,-4.929,1,0.0489,0.324,0,0.375,0.852
6W71BaJgF1jpFkZOi6QUkI,441600,9,93.215,4,0.285,0.789,-9.505,0,0.143,0.812,0.823,0.335,0.121
68m0c8R89iHVOpPsUvZTrL,207173,9,125.999,4,0.579,0.613,-7.513,1,0.031,0.106,0,0.232,0.744
5mQNVUP0weaqUx4zJI2whE,269173,0,171.056,4,0.797,0.427,-6.799,0,0.133,0.00119,0.714,0.0699,0.398
5TEsa7dr4t6soClhUV9zqW,178693,1,105.092,4,0.519,0.454,-11.84,1,0.0443,0.536,0.00552,0.0563,0.65
4SWM8rwJhsBn9i3ZmlGI1T,161467,9,120.4,4,0.358,0.872,-4.614,0,0.0356,0.0144,0.301,0.113,0.489
0NzNKU2MJ9LCetT2uZMJH2,239227,1,92.717,4,0.899,0.6,-7.451,1,0.154,0.0184,1.68e-05,0.0725,0.586
491X6TCCpGbBG25v4MLkc3,270483,10,171.913,3,0.178,0.843,-5.814,0,0.0612,0.0531,0.835,0.167,0.668
01sOjRlYusOIfxC9qaSYqQ,361213,9,127.048,4,0.539,0.524,-5.681,0,0.0787,0.00158,0.301,0.0379,0.504
1h0FYy55fzYJQEry1NF3ne,202960,1,189.681,4,0.293,0.292,-12.536,1,0.0409,0.838,5.91e-05,0.268,0.151
1pzWSyCAlthUzYbRb9KtfP,322040,9,97.42,4,0.688,0.87,-10.025,1,0.0664,0.00204,0.771,0.148,0.361
3BOPJ8MsEugKr4S0Bov0NA,82570,0,92.489,4,0.444,0.746,-14.253,1,0.0393,0.0219,0.876,0.378,0.487
1b56YCNHihtT1G8GYk0zhR,266719,10,143.243,4,0.487,0.887,-5.695,1,0.0538,0.0364,3.85e-06,0.149,0.688
1JdiwMPMJF1R4Q9w0j1ipi,190000,1,120.039,4,0.76,0.173,-19.226,1,0.0414,0.919,0.281,0.116,0.337
2VUahy2XocaoFNqNfLdzVo,169117,7,158.663,4,0.641,0.411,-13.809,0,0.0514,0.0429,0.893,0.0583,0.748
2fWk4dY62q6MsxUHuCAbfe,293400,0,164.859,4,0.316,0.817,-7.451,1,0.0784,0.00155,1.08e-05,0.974,0.204
0q7bOhFpUxAcw24BmogjIw,256027,6,119.006,4,0.578,0.453,-12.075,1,0.0516,0.671,0.855,0.111,0.501
1Sc6Bb9KOFdxta3jfhCXHK,337067,10,136.918,4,0.606,0.317,-13.73,0,0.0296,0.736,0.00156,0.124,0.37
4SbgElNP9cqY94ItAfffyZ,297133,1,129.221,4,0.454,0.997,-3.163,1,0.0821,0.0203,0.623,0.32,0.497
3NtoN3oCyL7ETVdeiN5E0o,194867,9,120.037,4,0.899,0.239,-11.932,1,0.0786,0.831,0,0.119,0.361
4OBqX6XPOYhw1VFXK3nl6g,203587,1,129.483,4,0.603,0.49,-8.031,1,0.0302,0.535,0,0.149,0.396
1f8D5eDyJudMOASS644oz8,204947,8,95.023,4,0.618,0.673,-7.339,1,0.0261,2.18e-05,0.396,0.121,0.394
7uQF7RMPg9ffIRYIFdDsAJ,231627,7,105.285,4,0.282,0.989,-4.899,1,0.0887,2.89e-05,0.00292,0.392,0.104
7pzDEWsSOp71dvBhCK0f7W,228213,11,167.917,4,0.434,0.141,-21.084,0,0.0357,0.77,0.9,0.1,0.585
0uvpwHoYXDD4RVrLltyEts,154488,8,133.19,3,0.233,0.0345,-28.588,1,0.0383,0.971,0.00105,0.098,0.104
5frEg9iiyiL0v0SBPZnUtB,134080,10,135.888,4,0.698,0.444,-15.043,1,0.0771,0.954,0.955,0.0854,0.965
7qtrcJbPpXbQvPJJ15sCwT,202907,3,92.66,4,0.586,0.902,-4.766,1,0.417,0.143,0,0.379,0.598
0uwMpOjp5BbB3jdNLIbI6m,188640,6,109.824,4,0.884,0.898,-4.278,1,0.28,0.123,0,0.223,0.655
6QtZndqjI3F4KydFpAjmkq,202827,11,109.338,4,0.793,0.531,-5.891,1,0.0535,0.276,0,0.124,0.831
715sEYWkafd4xvl87dwZgu,304920,10,143.301,4,0.594,0.756,-8.82,1,0.0379,0.0316,0.000102,0.222,0.956
5nWxJo4UbkE1pIFKxJ5qLg,382440,7,93.006,4,0.749,0.683,-6.482,1,0.0999,0.00351,0.865,0.03,0.897
5OncTM0H7dbOIw0mif53Zc,338720,11,172.948,4,0.653,0.483,-10.014,0,0.0261,0.0133,0.421,0.321,0.64
1lMOVSq36UBHIoUnyN5VCL,128880,7,86.456,3,0.3,0.0102,-25.611,1,0.0334,0.986,0.00324,0.0926,0.143
6cg32kRDfAsXeRva06bZUE,224996,9,119.279,4,0.72,0.531,-8.428,1,0.0304,0.778,0.0905,0.108,0.665
62727yPzgyeEONwSyntLDW,149280,1,91.604,3,0.513,0.157,-15.871,1,0.03,0.653,0.527,0.103,0.191
2x6icYf0105CB0CTMTow3c,204000,0,131.057,4,0.453,0.718,-12.339,1,0.0313,0.0131,0.0337,0.326,0.784
48HW0z62zZS9gQe6SOc4Me,102080,3,143.867,3,0.666,0.265,-15.924,0,0.951,0.355,0,0.728,0.548
0fp0Xg3GqP9O7oGW95RtCU,254693,7,127.005,4,0.74,0.622,-11.361,1,0.0797,0.000682,0.0208,0.255,0.891
2SOiMOSTTgwgcOFNgLVTV4,200173,1,97.865,4,0.701,0.813,-7.889,1,0.15,0.355,0,0.136,0.52
33HAt0h9aAifOr76qFUqD6,197987,11,118.015,4,0.774,0.75,-4.927,0,0.0413,0.0021,1.85e-05,0.0808,0.925
0LwyVo9h9D44ENGylLQaud,323907,1,111.205,4,0.603,0.988,-3.936,1,0.302,0.105,0,0.714,0.0727
3wHx4te6CHLBZnZNhuodoJ,240493,7,144.34,3,0.35,0.47,-8.583,1,0.0275,0.0331,0.000614,0.0957,0.135
5p5YoncrMjFJ2ZvQr2q2tF,227227,2,117.074,4,0.532,0.683,-8.354,1,0.0336,0.578,0.96,0.124,0.851
0mVbZxH0P6fdFqlyzzX59S,254424,1,187.195,4,0.237,0.799,-10.914,0,0.0548,0.00969,0.962,0.0745,0.81
1pzrbpWBDLFopWVTQmh59L,366322,2,89.967,4,0.565,0.569,-12.407,1,0.0307,0.0914,0.94,0.409,0.172
3Dsm8ToKjI5J55Ce6iAXRD,333627,10,117.01,4,0.778,0.617,-10.701,0,0.0519,0.000253,0.664,0.0909,0.816
6KgIPLDnmXStIIuHnplASz,287333,2,153.88,4,0.502,0.424,-9.606,0,0.0484,0.751,0.897,0.0705,0.264
1CsLShjyRRBBwoUUNu0AcP,281147,8,132.102,4,0.387,0.796,-6.39,1,0.0335,0.117,0,0.698,0.632
1cygBcULcsu16GpNrOJGFW,159787,2,81.573,4,0.226,0.0453,-17.431,1,0.0372,0.986,0.0004,0.0636,0.103
0C6nWYpoFXDF0DmsjMgv0E,278267,2,105.869,3,0.618,0.551,-9.803,1,0.0285,0.776,0.000143,0.212,0.795
0kcYDru8o3S9bxiKenH6fy,242129,0,127.509,3,0.438,0.376,-13.726,0,0.0507,0.629,0.887,0.107,0.738
5Qw0X3omljHwdB3Fubj1V8,238330,0,139.977,4,0.494,0.649,-8.114,1,0.042,1.1e-05,0.865,0.332,0.313
6RX2OExk3s6ZVGxd7Qr0Vn,294841,7,138.034,4,0.588,0.565,-8.314,1,0.0246,0.208,0.679,0.115,0.354
0BWybtiQj48CvZ9SfqwtCt,225493,7,144.295,4,0.531,0.0987,-18.439,1,0.0366,0.86,0.000504,0.114,0.441
0gG1RBe209zMLZDvW0Jygt,250960,8,132.006,4,0.444,0.96,-4.181,1,0.0627,4e-05,4.56e-06,0.179,0.186
2x8PKgxgHyprdjvTq43zTB,170787,9,109.988,4,0.523,0.766,-5.092,1,0.0283,0.0687,0,0.16,0.785
7mNMjQyWwuJEtJpD8CfjVW,634471,3,102.278,4,0.312,0.812,-8.44,0,0.0774,0.000225,0.0216,0.951,0.28
3ct3fD8AqvU00AwwpTTsUp,168440,7,132.978,4,0.819,0.816,-3.3,0,0.0621,0.0759,0.000216,0.0476,0.881
4QSuBZiLccXIvKL0zn8bTx,401987,0,69.72,4,0.236,0.192,-18.919,1,0.0409,0.151,0.856,0.0618,0.0343
3UYU5rzQWzhT7QgsZCKyRr,239093,4,96.308,4,0.627,0.641,-10.283,0,0.0299,0.216,0,0.383,0.712
23LNLIpFwrcHAVpN3fx9cT,125307,7,114.206,4,0.537,0.408,-14.852,1,0.0326,0.959,0.224,0.161,0.736
76LWzW2fJiayLVh1flG11a,174320,10,88.699,4,0.559,0.871,-6.835,1,0.103,0.256,0,0.345,0.796
63fGmrRTeXKe6UvftJnPZH,231960,1,113.773,4,0.309,0.964,-8.042,1,0.161,1.95e-06,0.000875,0.0712,0.0543
0LKVDa4wd2xzFfTZ9amzkc,360680,8,134.098,4,0.564,0.935,-7.945,0,0.0948,8.65e-05,0.161,0.145,0.356
7y2bVjfAXP5hwR02ihpZ4q,458240,1,108.63,4,0.754,0.795,-11.801,1,0.0469,0.0462,0.595,0.158,0.9
69dtonqG4yTRgNN78o2rub,281600,2,150.045,4,0.506,0.836,-9.171,1,0.0332,2.72e-05,0.917,0.449,0.0751
0VJv2GHQIsQcmWEo9C7vr5,272414,7,160.475,4,0.459,0.548,-9.379,1,0.0304,0.281,0.853,0.106,0.226
314a7to7BaisUASLhwyCVi,343267,5,127.992,4,0.481,0.904,-7.132,1,0.0543,0.00336,1.46e-05,0.976,0.537
4YdovxAEeChsYQ3OlWKvLZ,217227,3,170.005,4,0.547,0.649,-7.96,1,0.0293,0.483,0,0.296,0.789
1bqi9He2CFLp4j8kTvLAF4,219000,8,134.445,4,0.672,0.85,-4.186,1,0.0431,0.00107,0.00157,0.0537,0.807
2JBDihtejVz8DSjk75z1tg,320078,8,168.095,3,0.612,0.0211,-24.976,1,0.0537,0.872,0.788,0.0837,0.317
0ED5LQ4aiVi3ClAvIhbnEM,412040,9,113.226,4,0.617,0.335,-15.914,0,0.0301,0.366,0,0.115,0.655
7jP0gE1AY0188l2krWoHSL,166973,1,105.029,4,0.802,0.149,-17.037,1,0.291,0.666,0.789,0.102,0.636
3IUsIsW02TwJjCOm3QQgNQ,339107,7,93.219,4,0.319,0.912,-5.616,1,0.296,0.00226,9.67e-05,0.379,0.212
0n19EH3aLjLAmzamnalulP,192040,1,127.566,4,0.884,0.566,-12.658,0,0.0567,0.158,0.845,0.133,0.964
6MELs7bwJfYp7B6ozHLfVQ,211253,4,111.138,4,0.642,0.37,-22.681,1,0.061,0.117,1.41e-05,0.164,0.777
5LeLCdF3s5qJ24wlHLHR7c,162425,5,167.986,4,0.49,0.823,-7.693,0,0.042,0.000359,0.733,0.0968,0.589
78XDz1d4pCGxGA7tevmMmt,231867,10,79.136,4,0.527,0.0677,-19.107,0,0.0626,0.99,0.89,0.19,0.102
6yqAz9kXU4axjWXnkRrWfo,373293,4,125.866,4,0.726,0.893,-14.683,0,0.0456,0.00144,0.823,0.16,0.0962
6tdDcwTvSqpvoeFkdxoX36,488877,2,84.77,4,0.177,0.849,-7.896,0,0.114,0.000256,0.0975,0.54,0.0624
2XTgNzgRdS9BrcMPGrYP3p,244762,2,126.028,4,0.657,0.0752,-21.59,0,0.0421,0.984,0.948,0.0717,0.0879
0IFNrcTnvsOckhHEt7Imeb,271421,5,124.99,4,0.613,0.873,-3.919,0,0.115,0.00617,0.0333,0.0126,0.309
1yDAzE81UefB7767FQktZw,113950,0,128.75,4,0.58,0.365,-13.297,1,0.0304,0.8,2.22e-05,0.131,0.5
5DPNLHoisZSIInV23TJ49P,158533,1,78.239,4,0.663,0.288,-15.323,1,0.0338,0.71,0,0.131,0.716
5bJCzfwyjn2JErIhRvyspX,234667,11,96.025,4,0.78,0.807,-7.694,1,0.238,0.0164,6.11e-05,0.31,0.703
4xqeIEZ0hBqiHhThueowNz,145973,10,92.967,3,0.434,0.467,-7.846,1,0.0261,0.58,3.26e-05,0.12,0.488
5r1ggGXCJY250Xfw07lvi4,194194,7,133.752,4,0.635,0.598,-8.186,0,0.209,0.405,0,0.103,0.699
2E7w3s4QO8Bp4OLco6mPDU,155143,9,119.975,4,0.565,0.721,-7.231,1,0.0384,0.0915,0.861,0.351,0.333
17Xel3twxM1XznR5otYpd4,140426,4,165.539,4,0.252,0.539,-14.489,0,0.0547,0.000468,0.794,0.486,0.43
4kj6GIKlNy0DQ5xsBHYLfs,199107,1,128.799,3,0.291,0.082,-20.047,1,0.0361,0.982,5.52e-05,0.144,0.151
3BJGwjQUlDPWzQeH3UA18C,214320,0,116.022,4,0.761,0.904,-4.073,1,0.0404,0.0084,0.539,0.219,0.912
4A0ebXh3M4K93VDJ4xKiAV,210280,2,120.01,4,0.68,0.493,-14.051,1,0.0323,0.0939,0.774,0.286,0.182
2drKp53kWnRnBIVa5CkhYd,176800,8,93.617,4,0.73,0.859,-5.17,1,0.0372,0.448,0.000201,0.133,0.96
3sRUvl1VBEmHyP97GYv9R5,306939,4,146.955,4,0.548,0.5,-8.453,1,0.0326,0.00123,0.146,0.247,0.284
5Y8mtSXxf1dWn91aOn3FDw,334373,9,115.131,4,0.62,0.491,-8.79,1,0.0364,0.297,0.000664,0.0872,0.94
2Drmlr4oAP2p0bWiDzLZWZ,172533,7,98.157,4,0.538,0.187,-14.414,1,0.0346,0.988,0.598,0.145,0.47
479QHOD8oEeB2gCzB4kdQ9,250667,10,122.984,4,0.491,0.966,-2.705,0,0.043,0.0014,0.00189,0.348,0.938
3vXhKehHlzwIw3rSplx5PD,392147,2,94.963,4,0.602,0.619,-10.782,1,0.0587,0.00128,0.683,0.968,0.269
6nrAj3DNJLFZZDQMdI4LmS,255467,1,52.527,3,0.174,0.819,-5.355,0,0.0448,0.000269,0.00248,0.14,0.272
5fFT1rhaonEVjoxduYrIGN,187664,2,108.082,4,0.523,0.884,-7.067,1,0.0329,0.1,0.844,0.507,0.315
2UA7ZrmnD5Yw8M6m9jvT4L,39427,8,119.805,4,0.435,0.0039,-36.016,1,0.112,0.976,1.69e-05,0.188,0.256
6FhvdLlMO1GavdjyUcmGEN,242093,10,134.008,4,0.594,0.358,-14.516,1,0.0324,0.352,0,0.0748,0.4
5z9ewNh9xQwUjA1McFPaqa,276760,7,123.857,4,0.816,0.341,-14.242,0,0.0424,0.789,0.00911,0.101,0.644
5CTLDZ1V9EmXfQypO3Glv9,107187,0,113.2,3,0.378,0.947,-8.564,1,0.0742,0.103,0.00295,0.111,0.0405
4mxH62dBrnhZMID8QlfMpn,180342,9,130.007,4,0.642,0.674,-4.727,1,0.0714,0.0171,0.929,0.0401,0.544
4dOtcxOv6WDbezTSWIILII,226439,8,128.079,4,0.645,0.436,-20.68,1,0.0362,0.0024,2.04e-06,0.192,0.777
4v9QRdmFgKGSJCnShJwvxi,433573,1,145.018,4,0.201,0.773,-10.193,1,0.064,0.309,0.744,0.0987,0.239
07wivl0vyzyrUekzOqkS0S,192560,1,138.04,4,0.582,0.864,-4.63,1,0.0314,0.324,0,0.0972,0.728
25flWa6qsvOFeMOyNiVxpb,227172,2,73.993,4,0.526,0.43,-13.792,1,0.0372,0.506,0.85,0.118,0.138
2kVg65DLr7Dhl3DMykhTQV,223687,11,109.976,4,0.813,0.517,-12.376,0,0.0404,0.00961,0.00827,0.0724,0.778
2gbDozTTz1tYqw0v8BfPnB,253467,0,71.189,5,0.275,0.0594,-15.745,1,0.0411,0.918,6.04e-05,0.107,0.35
7jj5M4876HPOHXL3m5hAhS,213902,7,150.31,4,0.544,0.899,-5.218,1,0.0432,0.000154,0.795,0.0833,0.0364
42rcuH5l481o9ijWm4zuuN,260495,0,91.655,4,0.725,0.378,-11.999,0,0.392,0.0316,0,0.29,0.597
0OM5HHsaAYy69lKdHpHHXG,173640,1,126.397,4,0.53,0.782,-7.05,1,0.0279,0.000617,0.0181,0.113,0.807
20kbY6agS2NIFPAnQWnDaD,144800,8,87.491,4,0.723,0.835,-6.739,1,0.0419,0.155,0.000973,0.0678,0.968
6zeIEdboKhBRDJhjXhSCu3,54067,6,135.288,3,0.541,0.727,-8.925,1,0.0901,0.00187,0.000732,0.344,0.557
0KC9t7LgFkmeI9rAbk4cJC,229280,6,128.029,4,0.717,0.998,-4.161,1,0.0725,0.0343,0.913,0.0924,0.2
33typE89eOOMzCk8kfCVHa,231328,1,82.544,4,0.209,0.0196,-27.033,1,0.031,0.987,0.858,0.0952,0.0519
7lVHsLX1Tgy0UqQFk8NsCO,264733,7,127.976,4,0.779,0.909,-4.558,0,0.0885,0.0338,0.0388,0.605,0.605
6LeR7xeFQaQ4p2P493cQ2K,302417,9,111.151,4,0.432,0.464,-9.922,1,0.0312,0.0279,3.64e-05,0.304,0.222
5b0kcwMjAES1SKEHBxQHAJ,85867,2,90.537,4,0.364,0.776,-11.74,1,0.0575,0.557,0,0.378,0.446
0UUisryczvj2378CRPGUVa,235493,8,173.114,4,0.328,0.623,-11.918,1,0.0769,0.131,0.0133,0.963,0.642
3IOPC8fEmRk6MND0bszMlp,206936,11,140.029,4,0.335,0.574,-14.402,1,0.038,0.0187,0.846,0.152,0.621
6VoXJ9I02i7VTCUi2MgAbM,195370,0,144.136,4,0.651,0.411,-11.279,1,0.0424,0.000571,0.0179,0.13,0.594
72R1iNIW5KZN9ub2A2NbUT,266333,2,161.286,3,0.38,0.466,-9.193,1,0.0659,0.32,0.00241,0.898,0.247
7pljCJqGX8uSMoVwTy0sxE,229480,0,114.839,4,0.508,0.263,-11.994,1,0.0362,0.935,0.889,0.178,0.111
1BK4P5U99RBR0Vlvueshtp,167369,4,104.917,4,0.38,0.126,-22.635,1,0.0331,0.862,0.565,0.38,0.0353
1KmkCZV3lm8wr5JyYprbx6,303720,0,112.011,4,0.593,0.999,0.542,1,0.18,0.00297,0.188,0.331,0.253
3iVt9XPnVccTvHaOtTbOjm,214427,0,134.267,4,0.444,0.158,-15.232,1,0.0339,0.899,1.4e-05,0.0947,0.232
6zma9vczW0wsK196UA5I8L,268276,1,173.96,4,0.636,0.599,-7.572,1,0.0729,0.000917,0.879,0.0744,0.962
7C0pisWWEDF6o4DDRAChUW,194026,7,75.007,4,0.669,0.743,-7.324,1,0.0346,0.0221,0.000158,0.153,0.964
4hfpDVYgrzyNri82J60tmo,228728,4,95.889,3,0.148,0.905,-7.532,0,0.032,1.06e-05,0.598,0.196,0.621
2P8oB8DKE6dG7c6SfZZc3z,249773,10,88.02,4,0.502,0.626,-6.734,0,0.0362,0.439,0.0169,0.121,0.16
3g5Jhud5Mz6LE5VJcGPmN8,260135,5,101.979,4,0.717,0.882,-9.233,0,0.0332,0.071,0.673,0.138,0.87
4Lk7VXGQ3LGBdTtT98F1lp,221560,5,137.682,4,0.666,0.64,-13.469,0,0.0439,0.547,0.845,0.123,0.384
3toqweb4ihnaacwMmJj3Wz,215347,7,175.118,3,0.273,0.454,-7.087,1,0.0295,0.483,4.25e-06,0.118,0.376
1NW83p6NHcGy2Hg21gRIjE,445800,2,134.359,4,0.5,0.993,-6.677,1,0.0479,7.08e-05,0.813,0.106,0.556
3WtMKsVFnbed7phWwPPeQr,168158,7,191.147,4,0.274,0.746,-12.11,1,0.0352,3.6e-05,0.357,0.0894,0.768
5Rudqfejrw4qeXI0XPp2Qa,218093,3,86.923,4,0.582,0.416,-7.979,1,0.0245,0.0827,0.000269,0.162,0.448
6JoIBHXunfKawju81WZ9XC,258667,11,83.433,4,0.701,0.601,-7.678,0,0.153,0.197,0,0.0649,0.564
7xA7XEh6Jc7HUkzBsUDIDj,252333,7,97.462,4,0.281,0.447,-13.605,1,0.0389,0.00314,6.51e-06,0.132,0.164
3JttDkT0Fjkka0zMXU8Ki8,261960,11,112.085,4,0.601,0.89,-4.824,1,0.0965,0.000156,0.608,0.123,0.688
6iyxsK9yVjGAF9jRNH6OU0,224229,3,97.11,4,0.429,0.678,-8.068,0,0.0491,0.019,0,0.0835,0.43
2hDQU47XuGq9CdYRIQD1m6,256600,0,121.993,4,0.673,0.848,-4.891,1,0.0266,0.0101,0.0025,0.0898,0.853
68zo0Yd3NayeXQmgElmx1h,305019,4,90.972,4,0.521,0.573,-6.858,0,0.0234,0.14,0,0.13,0.178
2Zpknp13AcrHdcMvD40GNd,196696,9,133.292,4,0.499,0.748,-10.572,1,0.0359,0.183,0,0.803,0.861
3W8F0AIExQncfbhr6hHXIv,160427,5,122.05,4,0.419,0.462,-8.822,1,0.0329,0.744,0,0.111,0.78
09Q1WMIt0SDMPJV32MDzFD,169333,1,93.08,4,0.633,0.687,-8.187,0,0.0284,0.0183,0.000168,0.0918,0.86
5wjFPRiUXLHKaZj6bFXAUN,243552,11,139.927,4,0.493,0.143,-17.046,0,0.0292,0.747,0.933,0.378,0.367
6i3IjXdQ8Z8WdGsyXugO4I,174400,8,95.386,4,0.455,0.626,-8.144,1,0.0633,0.61,0.00143,0.348,0.487
0j0rUrLQ6Usyy6C31LC1uo,193097,0,141.161,4,0.66,0.315,-11.996,1,0.031,0.0792,0.777,0.133,0.247
0yWcugiMXpOMXQXXHBMYGl,169600,7,140.199,4,0.49,0.877,-5.446,1,0.0563,0.337,0,0.99,0.755
5uwqReaIJKPBRJMclM0VVT,175293,1,128.98,4,0.419,0.916,-8.373,1,0.0604,9.2e-06,0.194,0.0751,0.496
032NumirjORxMLydOwqhDD,193267,1,109.806,4,0.639,0.913,-6.095,1,0.0292,0.165,0.000153,0.144,0.972
0kKPztnWqbAChhOo8N0pW9,252373,5,103.142,4,0.484,0.876,-6.367,0,0.0595,0.000364,0.00402,0.295,0.259
6JVneMy2YBMFGrqOHnCmSE,235371,9,123.975,4,0.73,0.621,-4.835,0,0.235,0.73,0,0.0846,0.519
7icKBFoPL509pEn7W6yXYf,97360,4,78.403,4,0.281,0.911,-7.96,1,0.302,0.0933,0.0447,0.354,0.289
2kkVGONgqkogXYIB8USlcX,182827,11,115.981,4,0.888,0.304,-13.53,0,0.0535,0.847,0,0.0983,0.63
6O7JsRuQuJYaFw2GlRm2I6,225628,0,173.02,4,0.778,0.631,-10.853,1,0.0844,0.0316,0.149,0.0696,0.969
6FEPJe3ba6RYhdFeMhFpRW,210920,7,128.248,3,0.403,0.0742,-15.747,0,0.0454,0.934,6.68e-06,0.0879,0.168
65ZROLmRfrNzsioVJpjEZ7,445013,4,154.655,4,0.365,0.694,-9.032,1,0.221,0.526,0.0387,0.376,0.498
44mQi9gPlVxWiKNYs7QFFT,288331,4,168.329,4,0.192,0.993,-5.69,1,0.238,0.0023,0.0645,0.877,0.125
1PENRhwhQ1gihMdBrq4Ilx,223888,10,67.392,4,0.371,0.386,-10.259,1,0.027,0.181,0.13,0.75,0.39
3lnxUUtDhtdCVBkAhKe0OD,206813,5,141.888,4,0.704,0.57,-7.136,1,0.0989,0.0222,0,0.101,0.524
6D72gEOggO78YHVQNBeC6S,204040,5,99.965,4,0.71,0.52,-15.521,1,0.0986,0.822,0,0.105,0.696
67ambsYOrdP2snBy5WuZgU,198920,8,100.057,4,0.61,0.819,-8.323,1,0.0666,0.00381,7.92e-06,0.285,0.454
0gXhlFMNbvOfOL8iJSuvmy,155238,8,103.5,4,0.761,0.587,-7.321,1,0.0566,0.261,0.902,0.123,0.373
1mwRkGE0ldM8bcwmLSIyg2,286198,4,114.512,4,0.548,0.549,-7.477,1,0.0688,0.000126,0.648,0.0819,0.586
4IFuHL2t4sttbpdTus3TYC,192429,7,95.931,4,0.663,0.449,-8.646,0,0.027,0.0535,0,0.173,0.479
7eOw8htFONmzlunehWQ4Dm,178724,7,190.055,4,0.576,0.436,-13.679,1,0.0322,0.00209,0.00355,0.132,0.31
6j1ulKvdwW7rTjPky57kui,202693,7,124.309,4,0.696,0.781,-10.851,1,0.0605,0.205,2.23e-06,0.166,0.913
1MfuGNPMeFUrxzfMIuxIAI,286173,7,183.779,4,0.368,0.412,-7.862,0,0.0323,0.23,0.000561,0.411,0.239
5HB50uwkm543ZgGDJNMSqk,193893,8,132.078,4,0.611,0.95,-3.509,1,0.0518,0.00141,1.59e-06,0.0543,0.607
2xHpZoMtUREGfPOxgtcC0y,225560,2,133.556,4,0.198,0.955,-4.76,1,0.0882,0.00463,0.0526,0.689,0.279
4VGBDKn21Evp6ylN6ML9Rf,129107,0,131.719,4,0.573,0.315,-17.174,1,0.267,0.795,2.55e-05,0.574,0.587
0jSRZBsn3RqAhBDzAefHAD,227413,0,108.684,4,0.821,0.477,-13.446,0,0.0349,0.236,0.000522,0.0771,0.561
6DloxAA5VWlaNX6nruBn1u,115357,1,169.56,4,0.267,0.966,-6.005,1,0.129,0.000971,0.943,0.905,0.249
7bRoCYVkDZDYVzZ61oa3W0,234545,1,109.992,4,0.713,0.142,-23.221,0,0.0462,0.982,0.899,0.0864,0.262
2RYcVsvcIN3tdh437Irtr3,254587,0,114.419,3,0.476,0.229,-13.528,1,0.0359,0.504,0.000705,0.111,0.105
6euuhu3i3BkFKrC8f4LtOS,188200,5,101.945,4,0.338,0.0977,-14.283,1,0.0322,0.566,7.49e-06,0.125,0.172
15xnmiWZQiuE6Zawaj9PP8,227400,2,210.877,4,0.548,0.824,-4.037,1,0.28,0.171,0,0.349,0.45
3HI5lsat4elPzpmJffS0jj,263560,10,82.088,4,0.148,0.963,-8.149,0,0.24,0.0323,0.0148,0.42,0.0309
1qPNqO3m9NIjvhIVc5ex6y,469240,0,122.464,4,0.887,0.393,-14.573,1,0.0898,0.00136,0.587,0.0788,0.337
5zhGMNoyVQqvNgRSyrboNJ,251755,1,120.099,4,0.617,0.968,-5.079,1,0.32,0.436,0,0.15,0.465
1CDGbh28i7eDQiSfOFmdIS,167507,8,176.261,4,0.229,0.946,-5.074,0,0.106,9.06e-06,0.0355,0.958,0.362
621HaLxmt6a3Js7SnUXTpf,259507,7,184.08,4,0.237,0.96,-4.735,1,0.188,0.000193,0.00478,0.0805,0.352
1gZ1wJczRIVZBid27vbIv8,200954,2,100.47,4,0.756,0.168,-22.626,1,0.119,0.931,0.946,0.115,0.645
0efYkrY0BlwWa6vUUy9Ayi,249938,4,77.291,4,0.509,0.537,-7.574,0,0.0301,0.000581,0.71,0.344,0.186
4Q9qbPgPzl6kcvNw27RSIm,367133,9,190.279,4,0.422,0.714,-11.177,0,0.398,0.00942,6.68e-05,0.245,0.592
3aIBIdLOUPESDMfkiXavit,259600,11,140.068,4,0.237,0.732,-8.934,0,0.0595,0.735,0.651,0.972,0.275
6xdDlzB44cKClb9QWOa03h,432429,11,125.005,4,0.716,0.755,-9.039,1,0.067,0.000122,0.742,0.0734,0.333
5Gcg6YvzQOpDEM0xB1fWif,247640,0,94.698,4,0.719,0.363,-15.364,0,0.0317,0.25,0.000624,0.256,0.918
1ZEoYuekZQo62DLFtPVdqT,247693,2,127.908,4,0.306,0.995,-3.203,1,0.1,2.98e-05,0.00859,0.254,0.135
2X61sREt1GpIJnA9lgrVIB,203133,7,126.037,4,0.599,0.709,-9.054,1,0.103,0.3,0,0.353,0.76
12N0TpIdeAdPVI3RAF002n,223107,9,136.826,4,0.707,0.572,-9.409,1,0.0316,0.247,2.96e-06,0.125,0.452
0yApdwL5EYG1rwBffFiWJT,248293,3,114.007,4,0.672,0.579,-11.521,0,0.0404,0.239,0.874,0.0905,0.431
2lVaPwTPyVPkv8tItCicF0,206293,0,129.624,4,0.671,0.833,-8.31,1,0.0817,0.0322,0,0.379,0.587
1QWhHPjvhTt05rELp43WBx,201680,1,131.93,4,0.656,0.727,-11.718,1,0.0499,0.073,0,0.327,0.719
5sSAQMMSIsH9lFfiukxNeV,124000,7,93.238,4,0.478,0.447,-8.78,1,0.0365,0.215,0.000157,0.0957,0.574
6OOu66M8zcrIxHMrT5Lqkg,256280,7,78.763,4,0.505,0.441,-10.953,1,0.0716,0.766,0.0428,0.185,0.709
1YhcxpgdiaTxMa6rnlGZXi,196200,11,107.015,4,0.592,0.842,-6.681,1,0.0353,0.000219,0,0.0934,0.898
7AQaIqHNQVt4JjeKEk3RpX,221667,2,100.132,4,0.459,0.314,-11.641,1,0.0255,0.654,0.439,0.122,0.18
0IfCFA5ieD3t5uTMvNFVm1,245627,0,127.964,4,0.584,0.016,-26.114,0,0.0356,0.938,0.878,0.0751,0.0707
6O6paAYHPD3eduew6UZW1a,617707,0,131.29,4,0.378,0.801,-8.379,1,0.174,0.00398,0.203,0.939,0.618
4uD8zxh5X4X6PASgYlYeTT,212053,10,91.029,4,0.86,0.793,-3.89,0,0.272,0.0437,0,0.0493,0.694
1khXMSpBNsXpXpmbPMJ2C3,229467,7,152.366,4,0.302,0.961,-5.619,1,0.116,0.445,0.00268,0.823,0.659
0LobJmDKU8e8oOJVwIOl55,405667,11,99.766,4,0.267,0.977,-6.355,1,0.0896,0.00384,0.00634,0.171,0.471
7xSiZBMlKZM6bslxH9dyiH,456387,0,160.47,4,0.355,0.99,-2.415,1,0.29,0.121,0,0.75,0.273
4mBJaAFK9dWk3FVxTd3UhF,203280,1,99.971,4,0.648,0.791,-10.976,1,0.0894,3.24e-05,0.857,0.1,0.229
3LuevJZjibmMgXwjE0BN8F,301627,4,148.033,4,0.373,0.736,-9.503,0,0.0419,0.000209,0.747,0.109,0.426
5eNiXOyrlfU3VFHnDjKuOw,241232,0,144.93,4,0.697,0.651,-6.554,0,0.039,0.0571,0,0.668,0.91
1RJNFHn1dYgFsgxxBYYojR,203440,7,168.293,4,0.406,0.439,-9.476,1,0.0305,0.833,0.847,0.0743,0.677
4aWwSxwNPCwSIvHRfNRTNX,302289,10,123.331,4,0.681,0.612,-10.358,1,0.032,0.000348,0.883,0.121,0.919
01nIIgKwecuRE5yYsHTSuT,244507,6,172.036,3,0.318,0.859,-4.125,1,0.0353,3.7e-05,2.35e-06,0.0848,0.534
1LyAvmMApIxIAEXCtpkm3z,257533,5,114.124,4,0.352,0.98,-8.051,1,0.0958,3.93e-06,0.547,0.855,0.315
7dtsfVIiLY4adEDvgFBqK5,160393,9,160.064,4,0.568,0.799,-4.643,0,0.059,0.000467,0.0187,0.0729,0.624
3TNDk80olTuIGAABva4Teb,93098,1,126.711,4,0.361,0.983,-3.139,0,0.157,0.00935,0.017,0.0963,0.203
1Gdit1C3x4IjXEmq9Vi1pt,326706,10,105.38,4,0.371,0.918,-6.088,0,0.0763,0.00994,0.0133,0.903,0.126
1qLAGod93MWuwCE6lzOjef,422613,9,139.833,4,0.737,0.673,-12.451,0,0.322,0.0398,8.89e-05,0.149,0.404
5P0tWr5JZqDoi5wq2OalFH,268600,0,83.609,4,0.47,0.362,-12.382,1,0.0303,0.389,0.000698,0.29,0.377
5kD5pOqRkFA4wG0g7S0d6J,214142,7,94.906,4,0.37,0.851,-9.185,0,0.0553,0.000582,0.88,0.329,0.454
4kvT9cvuKD1nB6eb1WHbzY,230284,7,136.07,4,0.599,0.848,-6.395,1,0.0273,0.00894,0,0.0855,0.469
7c2jVnZIbPV74AUabpl0fp,218358,11,124.035,4,0.753,0.962,-6.022,0,0.0596,0.000582,0.73,0.316,0.96
4H6n34tSjTr2hFO0Jpmima,274813,1,143.026,4,0.542,0.87,-7.098,1,0.0326,0.000316,0.00761,0.0511,0.984
7CBEajDtph8Ubd0uuZPQJm,551173,11,121.982,4,0.443,0.902,-11.919,1,0.0401,0.0206,0.382,0.262,0.594
3yVTk1EMH28JEeC5smijDO,172800,5,150.764,4,0.615,0.801,-7.114,1,0.0393,0.444,0,0.0993,0.777
0TMC51ccR9XjzuDZP2b2Bd,294610,7,178.017,4,0.454,0.962,-9.27,1,0.0358,6.58e-06,0.754,0.125,0.187
3EkLWQxxHFwfvVpKB6Qy8y,359973,2,92.982,4,0.849,0.499,-7.872,1,0.271,0.117,4.97e-05,0.268,0.504
6XGOKwJeMO5kmswSV4gVBS,188310,11,82.137,3,0.277,0.0503,-18.409,1,0.0379,0.898,0.85,0.11,0.354
4EX8Kw3B00F4zwD9kgpkSj,332280,2,103.328,4,0.401,0.297,-19.662,0,0.0353,0.528,0.061,0.223,0.356
01nf7c7o16cnrCMRkrv8rO,232880,0,83.021,4,0.531,0.549,-9.734,1,0.0287,0.22,0.00104,0.395,0.46
52lMdWXtBLwmTHAIPzFufD,98688,8,139.382,3,0.293,0.644,-10.04,1,0.0376,0.000528,0.311,0.41,0.286
0laDjTRWhdsdMHiPzja3xI,310533,0,106.739,4,0.618,0.125,-16.878,1,0.0446,0.763,0,0.0976,0.507
08F6bcgJfCRKzj2k6UIRfr,218336,3,187.272,4,0.119,0.724,-6.029,1,0.0459,0.00194,0.931,0.374,0.104
6fXSYntn0AhtY68mOVQ82k,234200,10,134.97,3,0.673,0.316,-9.011,1,0.0347,0.914,0.00462,0.0975,0.531
38B9Ge36bKyd52V3EHNila,203855,7,79.942,4,0.584,0.0377,-18.701,1,0.0405,0.966,0.903,0.118,0.181
1IZKeCi1w2lSuw9J0mMk6h,136360,4,161.364,4,0.539,0.73,-5.64,1,0.0369,0.00045,0.00357,0.108,0.78
6mVMUvitJxfshLxXew7SrI,234840,11,175.097,4,0.374,0.957,-4.325,0,0.102,4.24e-05,0.0789,0.101,0.439
0t6yhhzH3bvE2YkODnmwMB,163280,7,164.768,4,0.513,0.954,-5.534,1,0.0622,0.00927,0.313,0.988,0.816
563EK4aQCOr8j2QQRIQrqC,474360,9,182.63,4,0.332,0.623,-12.365,0,0.0803,0.222,0.000883,0.278,0.416
4Jg1FIbHlwoRi0olOJxtcF,239293,7,79.262,4,0.171,0.983,-7.688,1,0.191,3.66e-06,0.887,0.299,0.184
5S8X5MuFMj4ViUub4bqbs8,242613,0,113.222,4,0.584,0.849,-5.457,1,0.0502,0.229,0,0.109,0.482
0sBWfErfLOTMZ8gJo13YyC,184607,5,86.963,4,0.706,0.143,-23.023,1,0.0318,0.49,3.34e-05,0.147,0.475
0xSvqxlDYlgbs3e0WczHq7,222040,9,129.027,4,0.726,0.849,-7.024,1,0.0466,0.000651,0.744,0.0723,0.941
1kLXoAje5Z4mlZOAFgZZj3,652040,7,189.889,3,0.102,0.864,-6.102,1,0.0774,0.000336,0.2,0.0852,0.312
10iDbeC9I0H7JgR9GCvfgU,265773,4,126.294,4,0.54,0.982,-2.962,0,0.0458,0.435,3.37e-05,0.0457,0.91
600rWQdcwlxzY6k7q71Kmc,277413,3,132.637,4,0.478,0.601,-6.357,0,0.114,0.576,0,0.969,0.684
0w3Q14i073jLoew1hgJkwD,205200,9,116.0,4,0.596,0.834,-4.308,1,0.0474,0.0563,0,0.0866,0.618
6iixnpyJM2Zqjuu7aY29Rv,316653,2,121.442,4,0.504,0.95,-5.121,1,0.0846,0.00886,0.0931,0.141,0.632
5G3DezDv26gbGzH9ISz5EM,201440,9,92.092,4,0.741,0.61,-9.249,1,0.118,0.0266,0,0.0497,0.834
1ee9h7Lxb49obSGywZ7G7D,422707,5,139.499,4,0.394,0.651,-7.582,1,0.0286,0.0186,0.298,0.0781,0.621
3r3BI50msXj7bhceBB5mgf,222613,7,133.803,4,0.405,0.893,-6.181,1,0.0496,0.548,0.926,0.298,0.664
63CbvkHcX8VBn09CCcGDLQ,157773,5,137.455,4,0.756,0.426,-11.738,1,0.0516,0.541,9.7e-06,0.0776,0.655
3nLgAfPldanyz4d4Zwza2b,293653,4,174.238,4,0.358,0.893,-7.486,0,0.12,0.0222,0.0524,0.126,0.262
4wd09wCccmxUB7XVJp0RNn,231000,5,109.413,4,0.756,0.28,-14.27,1,0.0296,0.616,0.00033,0.414,0.695
5ABqPLCHOjBlLJ7mRjNMZR,261720,1,83.237,4,0.724,0.426,-11.223,1,0.0248,0.0627,5.69e-05,0.0692,0.682
2mWBB8Nxd3TXIOAAJLtJ1T,275787,4,119.984,4,0.604,0.746,-4.107,0,0.054,0.00131,0.772,0.049,0.798
2VrH0CSMchb6dpDGFLpV2U,385451,9,127.361,4,0.539,0.55,-13.444,0,0.0392,0.705,0.314,0.391,0.289
05pLr5TKCfsY7ItTT1qDdj,127707,0,115.087,4,0.697,0.7,-6.076,1,0.0546,0.243,0,0.182,0.833
0HP0eoY5ZPLNUOMFjFAccd,186840,9,87.299,3,0.377,0.218,-12.104,1,0.0305,0.693,0.00161,0.103,0.188
6fMzLh9B1tmEZfI75ryJhr,208983,2,126.876,4,0.651,0.694,-9.144,1,0.0338,0.000643,0.745,0.222,0.614
0nEBJeY3V5KETJzfnTuxbT,205827,4,110.005,4,0.877,0.722,-5.762,0,0.0801,0.0938,0.00157,0.3,0.966
23FPiYzypkQ4e7v3m6akPc,188716,9,136.285,4,0.935,0.165,-14.005,1,0.425,0.714,0.956,0.108,0.959
6f4wACpd1vZ4EOJGAE52dp,119973,10,111.992,5,0.578,0.927,-5.884,1,0.0337,1.27e-05,5.78e-06,0.0533,0.805
1ar8N3uQJnvrHfgRPxjnwB,147080,7,121.162,4,0.477,0.748,-15.763,1,0.9,0.786,0,0.988,0.512
7BsRSFcIGFu6tCUKkC8tB8,280547,3,99.533,4,0.439,0.951,-3.69,1,0.0569,0.00116,0.899,0.0926,0.247
0YTLmu2ojz9MS6Z5ISpEDm,343373,6,98.694,4,0.85,0.837,-6.37,0,0.291,0.00956,0,0.0772,0.737
4OhKQXIXGNq0BHvrR40lm3,451024,9,112.565,4,0.256,0.834,-12.117,1,0.067,0.000848,0.548,0.339,0.257
5Gcvy4sBxYdpWj2f54K2ua,153442,4,155.251,3,0.566,0.728,-4.546,0,0.121,0.183,0.00425,0.11,0.467
1IHLTBKkhKDpLq4geI5AQi,353308,9,130.103,4,0.489,0.376,-9.397,1,0.0273,0.193,0.0601,0.145,0.2
6Gv4NFi7F6AGNMS0jt5jIB,172933,10,175.059,4,0.413,0.141,-20.663,1,0.0476,0.905,0.044,0.109,0.373
54EGQT4JpvnbDcWAfoMjIl,181267,2,91.735,4,0.528,0.772,-7.013,1,0.0288,0.403,2.52e-06,0.316,0.852
7uQCN8XLRD3nl8HamcDJoh,203320,9,132.502,4,0.865,0.6,-11.88,0,0.0654,0.0662,0,0.0312,0.957
5CrFSDWWvWwa4HxFFslYBR,297267,1,169.964,3,0.511,0.467,-8.09,1,0.0301,0.47,4.92e-06,0.117,0.319
34ynMznSL8piGnlGjTFUf2,181487,3,90.156,4,0.643,0.739,-10.182,0,0.232,0.391,0,0.112,0.804
6UHJEVn1f28MZa4kf0LhZM,197427,5,107.731,1,0.437,0.0638,-19.478,0,0.0297,0.74,0,0.145,0.414
01xAsMOaZrt8FFLIZYubEz,116120,4,77.095,4,0.457,0.854,-5.337,0,0.0507,0.102,0.000473,0.306,0.539
1WlztXY9uvKTE5sYtdkBio,209474,7,165.98,4,0.58,0.61,-6.722,1,0.0427,0.000362,0.804,0.123,0.858
1flOtFAg3dmUpRAN8lbbgu,142813,5,144.497,4,0.404,0.395,-7.775,1,0.0268,0.797,0.166,0.32,0.212
5vIbGiAx6s854sbSa8XZFZ,174733,9,144.141,4,0.395,0.97,-8.218,1,0.0803,0.00147,0.76,0.392,0.537
7vfWg2ygUuzZIWP9K7u9gh,205584,7,87.935,4,0.441,0.307,-13.896,1,0.0321,0.675,0.00983,0.125,0.407
0CbESIyx34Usxoy7emUEBd,225440,6,94.003,3,0.488,0.879,-3.505,0,0.0514,0.0303,0,0.288,0.483
5y788ya4NvwhBznoDIcXwK,185413,6,106.761,4,0.525,0.216,-13.551,1,0.0301,0.837,0,0.107,0.328
1VBoU7OLK8Vg0OV4qhvS5n,211093,3,120.232,4,0.435,0.381,-10.505,1,0.0302,0.561,0.00273,0.112,0.544
5jkX9sqRSfaJ4HMuKYLFNR,286813,2,101.633,4,0.309,0.446,-12.046,1,0.0345,0.869,0.945,0.248,0.47
2TCG85CmaUbqf9XUyG36Im,257453,5,64.618,4,0.58,0.181,-18.002,0,0.13,0.578,0,0.208,0.466
65mcvdO2QMj3aTU15ZPP2J,329933,10,98.084,4,0.86,0.795,-5.248,0,0.247,0.0141,0,0.321,0.691
0OVIASCGfVfw7mtCcJfha8,232594,10,199.843,4,0.577,0.844,-6.511,0,0.334,0.138,1.87e-06,0.0463,0.685
6PPETciCIXgcR94KTjoRWj,345280,11,98.848,4,0.26,0.99,-4.011,1,0.115,0.00283,0.173,0.0469,0.261
07jdWkxUVni8Wa5yjfYpCj,280633,7,120.945,4,0.732,0.515,-9.892,0,0.0282,0.118,0.00124,0.117,0.674
2ERODyGFeSEMs8BnBENHay,229113,1,95.025,4,0.704,0.908,-6.408,0,0.0374,0.113,0.00961,0.331,0.713
4vCcHO9x8DLwNpktxIPz9l,290121,4,82.465,4,0.606,0.327,-14.92,1,0.0263,0.0529,0.02,0.0972,0.111
1buT1LWUddQg5sSNHdnzwV,179573,0,87.071,4,0.733,0.742,-3.65,1,0.244,0.0263,0,0.13,0.899
6cV2DRvlqLPerSamGh3c1e,295628,7,122.005,4,0.694,0.67,-4.667,1,0.0372,0.00053,0.00437,0.0302,0.805
6o2OJULrJAD0npaAz582Ko,160714,2,196.022,4,0.496,0.73,-7.332,1,0.0369,0.0102,0.262,0.16,0.965
7eVqdT13KaYQSzCWNE2I9f,487773,9,107.087,4,0.649,0.885,-7.528,0,0.0296,0.0147,0.0145,0.32,0.71
0IAjVyf4OTvwhq3A68HKzl,230707,7,103.971,4,0.583,0.0743,-16.887,1,0.0522,0.913,0.00026,0.0989,0.178
7LqngiMlR9ppX2QPVgj3cs,899133,9,95.439,4,0.469,0.368,-15.36,0,0.0817,0.157,9.73e-06,0.984,0.159
6bfu99plgbTsNYXAm6dORg,205933,0,107.08,4,0.41,0.874,-4.286,1,0.0907,0.197,0,0.0843,0.824
0P5bPl4nUz1gp7VNyY2c5p,222427,4,96.577,4,0.658,0.875,-9.225,0,0.104,0.129,0.0978,0.75,0.699
0CrTcsG3vZEWgP4XevR4Ec,227405,7,111.972,4,0.657,0.567,-6.672,1,0.0271,0.00927,5.58e-06,0.122,0.274
2UPTiMg9bfl6cLbccTv4Nl,188095,4,155.75,4,0.236,0.64,-8.051,0,0.0536,0.135,0,0.156,0.192
1L3ZIXfVLYdBABBHulurjN,216867,6,97.016,4,0.749,0.727,-4.423,0,0.031,0.0868,0,0.0541,0.973
1Mks2Rwc6FOe0G8b2dQQGm,237066,0,100.032,4,0.84,0.515,-6.576,0,0.0411,0.135,2.21e-05,0.157,0.767
61nzpfL92iu78ksyu3Vux2,370840,5,149.389,3,0.415,0.561,-4.255,1,0.0281,0.532,0,0.128,0.177
4TBOxwcoCfgs3j9COmEIl0,300307,1,124.997,4,0.726,0.967,-7.643,1,0.064,0.00209,0.849,0.53,0.876
6TwpCXHi8RktZPynrkBify,312240,8,132.689,4,0.334,0.636,-8.525,0,0.0533,0.0893,0.0122,0.0892,0.168
4DzFBEPillhgnxGt8z4zzs,286040,1,140.548,4,0.139,0.903,-5.305,1,0.0629,0.000109,0.00359,0.226,0.208
2aL1OOsteuUsxchDNcwYwm,229866,0,100.227,4,0.693,0.624,-4.046,1,0.104,0.000305,0.664,0.191,0.628
0TelMOvSDQeh8XDSwacVT6,424173,5,155.281,3,0.36,0.471,-14.702,1,0.0841,0.583,0.000607,0.635,0.507
7zAsMbU8Mc9eys9oXZGY1B,228148,8,104.59,4,0.179,0.941,-5.025,1,0.162,0.0461,0.14,0.653,0.0558
2VmA64dh1mBhme5b0P7dSh,161093,10,98.48,4,0.704,0.665,-7.293,1,0.027,0.57,2.91e-05,0.108,0.756
2vJhZcw8bM1RicEOtGxHQy,259733,7,87.469,4,0.218,0.994,-2.222,1,0.291,0.00301,3.4e-06,0.228,0.112
1AhD3Ns9TzGQ9qflTnQUqM,236440,7,98.023,4,0.851,0.679,-4.989,0,0.0434,0.0246,1.7e-05,0.154,0.721
2K32hwSIpZnw37qKZNf3F8,430312,11,110.019,4,0.881,0.527,-9.514,0,0.0818,0.111,0.203,0.183,0.852
2fd7kgA1cuvgeYhVEsUkkz,249480,11,162.067,4,0.729,0.325,-10.416,0,0.0285,0.837,0.857,0.078,0.357
7lyYvJTfRO622rc6T3lCHB,360053,9,127.008,4,0.811,0.9,-5.512,0,0.0514,0.108,0.00984,0.162,0.814
31L1mXVLiu6wMQze36eqbg,182120,0,165.529,4,0.363,0.942,-8.511,1,0.0448,0.00085,0.809,0.104,0.92
4AUR5dsQV1QBOXmCxDNTxd,112903,4,81.826,4,0.563,0.695,-10.774,0,0.103,0.00273,0.577,0.148,0.575
2Gvox3yB1ZM48ZApy8MDcV,270213,1,118.895,4,0.415,0.977,-4.272,1,0.231,1.22e-05,0.583,0.821,0.287
5xPIbMYPDnIKmp6KZ1rWVI,332373,7,135.603,4,0.357,0.747,-6.698,0,0.0531,0.0063,0.0605,0.19,0.0391
2Cy6UHWeb1g2AdE3YNd5XC,146400,7,138.521,4,0.722,0.37,-7.19,1,0.0589,0.716,0,0.264,0.538
6fZKzzD2Z7B8VMzqV77v7y,373773,1,175.131,4,0.252,0.91,-6.235,0,0.183,0.0101,0.285,0.991,0.398
0FbM3CoF4LK0uYBJad9k6q,178867,3,111.678,1,0.551,0.451,-13.655,0,0.0626,0.836,0.000398,0.13,0.708
7sawNufEBK72lAm9A5ExSC,262293,5,104.685,4,0.622,0.718,-10.32,1,0.103,0.383,0,0.126,0.831
6SL9XpgDs53E0h3l8O2P8s,348160,8,113.007,4,0.293,0.85,-7.567,1,0.0446,0.162,0.00632,0.957,0.269
0ITNHWUTMMmjGEmyTva8ic,255733,7,179.52,3,0.615,0.248,-12.266,1,0.398,0.755,2.26e-05,0.0864,0.357
1KGN0iY2lecsYAgrkQyguf,265347,1,165.534,4,0.432,0.642,-7.069,0,0.0342,0.177,0.0277,0.0936,0.422
07gEu0GXszzTmWUyV9mts4,182280,8,111.012,4,0.693,0.241,-11.791,1,0.0479,0.848,0,0.0987,0.454
5nnWnDhGcl5E7YGCGSlRKM,187533,9,132.777,4,0.349,0.45,-14.283,1,0.0443,0.419,1.19e-05,0.135,0.508
0FsjK9EyZIvQq5DgA6f7oW,156773,9,146.902,4,0.616,0.617,-11.479,1,0.0405,0.117,0.000128,0.15,0.907
0IXh0M13CogbvOyLzOpGqC,426850,6,122.992,4,0.803,0.769,-7.025,1,0.0561,0.000588,0.9,0.0683,0.164
0E8drgyCaLk5GqOilPcYqz,301147,6,134.685,3,0.318,0.63,-9.143,1,0.0804,0.124,0.000498,0.951,0.337
6fWHkPlGqUYX5tX4dCIj61,246124,0,136.252,4,0.53,0.694,-7.296,1,0.0309,0.0299,0,0.194,0.586
1u1bGYT844BnlMjZM1K3Zr,130027,6,111.82,4,0.636,0.401,-13.339,1,0.0429,0.494,7.06e-05,0.0754,0.455
55rJgg2bBWvumXthnQC4ym,230827,6,174.908,3,0.356,0.696,-4.748,1,0.0308,0.0056,9.01e-05,0.156,0.182
6XxxO54L5nXSZr93mVqmv7,297467,7,94.836,4,0.676,0.879,-8.821,1,0.107,0.00192,0.0029,0.317,0.392
6nCS7syxpvqNpj3WVComMt,682907,6,81.15,4,0.121,0.702,-10.39,1,0.0465,2.66e-05,0.47,0.124,0.106
2IsF5c7oeveYZAiZcLitxA,245891,5,125.007,4,0.688,0.823,-11.249,0,0.0437,0.0487,2.51e-05,0.212,0.899
7nDIk9jUF4d5UZLf7A66xN,200464,10,73.99,4,0.502,0.233,-16.155,1,0.0316,0.232,0.89,0.11,0.496
6ztd7H0PLKpqG18oJ4fQiH,378800,7,98.096,4,0.574,0.672,-10.871,1,0.0395,0.704,7.1e-05,0.984,0.683
1C55PYheuhe0NuegyUUWYs,206823,2,99.042,4,0.569,0.559,-8.185,1,0.0296,0.00333,0.286,0.189,0.553
1Fz0N10AmVQjuZXof4YODa,207107,2,92.025,4,0.427,0.955,-6.578,0,0.0707,0.00134,1.3e-05,0.111,0.14
3h5zik31hTTat9jmpCZZNC,263573,3,127.042,4,0.768,0.782,-10.231,1,0.033,0.021,0.683,0.0802,0.964
0l6XCiKpqgaezZZhaNFCib,158667,11,167.925,4,0.695,0.344,-19.312,1,0.179,0.031,0,0.0671,0.351
0bEIG2FrRe7E9P7hlXYQ6n,232747,7,172.427,4,0.248,0.448,-12.066,1,0.0526,0.774,0.0647,0.106,0.0667
5CYGZPB9npXI2wci9iZXlq,196160,1,204.028,4,0.149,0.343,-19.509,1,0.0408,0.000451,0.000255,0.55,0.645
3LIcSNFDRrYvoDUwqyVNZS,184038,3,103.991,4,0.838,0.512,-8.499,0,0.0444,0.04,0.79,0.0681,0.857
5tctN6CFJW13ScqAz53qCx,247720,4,125.007,4,0.807,0.918,-7.614,0,0.0451,0.000162,0.914,0.0788,0.586
0UIT9YSyg3x0XSrCXeD2An,215067,2,120.649,4,0.755,0.49,-12.865,1,0.142,0.328,0.000118,0.119,0.787
3KiexfmhxHvG5IgAElmTkd,173947,4,160.109,4,0.491,0.801,-9.835,1,0.0361,0.27,0,0.0665,0.971
4EDx6rCoPJT4hcMXrZaTFU,193547,6,90.058,4,0.901,0.623,-5.96,0,0.399,0.252,0,0.0655,0.81
4H8sWlzBB0pnCgEG68VPph,164680,6,92.371,4,0.191,0.994,-3.818,1,0.225,2.03e-05,0.000714,0.672,0.0632
4sdYY2sV9kcSuRk8qa35yI,300107,4,129.982,4,0.696,0.644,-10.011,0,0.0491,0.0158,0.771,0.216,0.559
7ArVA24dTNUH42LgSlJb1L,190320,5,138.252,4,0.363,0.828,-6.695,1,0.0862,0.1,0.746,0.193,0.463
6MSHdeyc6CJx9MIIB4NTJu,295760,1,126.75,4,0.465,0.895,-4.203,1,0.115,0.00309,0,0.207,0.355
5SSDwSHHbQ6TAhZjqJw8T6,380920,3,94.067,4,0.438,0.863,-8.063,0,0.0588,0.00214,0.33,0.985,0.275
2wmdkl9UeX60qNhee5wm7C,384160,0,139.97,4,0.411,0.986,-5.322,1,0.367,0.133,0.257,0.432,0.15
5BOnYYoPoiogNNWRINiBJX,243434,10,159.998,4,0.581,0.448,-11.469,1,0.034,0.0447,0.947,0.125,0.808
6Bj3FmJmlnv9QYi9Q821pQ,243440,0,86.365,4,0.497,0.565,-6.079,1,0.0261,0.00657,0,0.0855,0.418
1n3agICkr1cJoICB2zFEZl,183067,0,113.368,4,0.744,0.89,-3.985,1,0.0429,0.404,0,0.1,0.945
5Gsitn2jSlX5D1F9sABnEa,149880,8,160.056,4,0.57,0.806,-5.612,1,0.0642,0.0923,0,0.193,0.789
5QPP9bMGcGtuzls5JycEwE,427773,10,87.995,4,0.547,0.908,-7.452,1,0.0661,0.0682,5.13e-05,0.69,0.49
7vZNm4wxlVy51FINZ5O5ng,230160,9,83.934,4,0.452,0.581,-9.237,1,0.0445,0.722,0,0.129,0.593
3Q0mJByJRrUTZGrBFYnfCP,295667,8,82.202,4,0.684,0.772,-3.443,0,0.275,0.0211,0.000464,0.0948,0.4
6hOPFzmRRicUtEsRQ308ee,195600,4,99.089,4,0.265,0.763,-10.733,0,0.046,1.07e-05,0.891,0.692,0.34
7e9rJISGUyZyAdqt1tPRIA,211541,2,162.246,4,0.395,0.925,-5.083,1,0.0933,0.0181,9.11e-05,0.188,0.779
1pWLUeS8de04HwdegShNRz,177893,6,116.182,4,0.883,0.607,-7.428,0,0.0342,0.337,0.49,0.136,0.886
1JYyUlv8pMj7foxlxmqsQW,246800,9,120.025,4,0.734,0.921,-5.256,1,0.0443,0.0647,0.00173,0.0966,0.526
0ryS405HAvxKZffMVIZwal,240839,5,155.039,4,0.711,0.565,-8.664,1,0.179,0.00748,0.887,0.0997,0.722
3QliYjFTtgOmkQPdPan5BE,250453,7,100.028,4,0.782,0.86,-5.745,1,0.0689,0.14,0,0.309,0.788
1Rv6SFQt40F8lWVp7EwNu9,328720,1,128.432,4,0.799,0.693,-8.151,1,0.143,0.0517,0.000408,0.101,0.469
6FvSlsUEy475wCgzCDWSoc,238080,5,111.849,4,0.788,0.676,-12.691,0,0.0414,0.00778,0.723,0.0415,0.963
0TuQ4wmBzjFFewYkYv3Cdx,235867,2,138.702,4,0.394,0.971,-3.104,0,0.0588,0.00115,0.54,0.165,0.335
3jO5MNi8c9XjuRbqPLsugy,228093,7,108.028,4,0.773,0.673,-12.132,1,0.0474,0.549,0.159,0.0936,0.925
0xiUGXZgB6Pk6nVBYCXsXP,228587,9,180.015,4,0.566,0.31,-17.079,0,0.0339,0.21,0.444,0.0292,0.379
01O2T0AqtCMex3J2RXShh7,237933,8,78.896,4,0.495,0.588,-9.199,1,0.0338,0.0284,0.509,0.207,0.73
61LF19EvrQUK6CGqxafKQq,242867,5,138.836,4,0.575,0.854,-6.63,0,0.0289,1.4e-05,0.662,0.878,0.788
5GPihzm25jJJK11oCtBNiM,195213,7,78.008,3,0.625,0.216,-13.307,1,0.049,0.972,0.922,0.0813,0.297
5fGHwWd5S5udFLXWjD1sT7,535400,5,127.022,4,0.806,0.759,-5.747,1,0.105,0.00397,0.234,0.0885,0.48
3uNZEh8nmjDlxsId40ndyO,366107,10,178.49,4,0.195,0.953,-4.786,0,0.129,0.000437,1.05e-05,0.975,0.38
2XbxCtz3VzMuH1T2APWX91,233293,0,137.915,4,0.699,0.989,-9.383,1,0.0363,0.0785,0.636,0.181,0.682
0SBvDNLXXsoUdaPae6ggmu,241107,5,106.078,4,0.819,0.744,-6.782,1,0.0388,0.288,8.08e-05,0.248,0.96
1D6VhsXDHNNiG7uzLtG5Fp,147000,2,204.377,4,0.496,0.659,-8.865,1,0.168,0.763,0,0.909,0.914
75iP65o6NYhgl49a1KOKmq,184242,2,98.93,4,0.582,0.962,-6.019,1,0.213,0.124,0.0183,0.381,0.34
3GsbGZHKjSk4PLr3HXfcoo,240467,0,113.127,4,0.691,0.61,-7.023,1,0.0275,0.189,2.38e-05,0.0885,0.363
52vPyPpv7tQ0AXx4vH3NCI,284067,2,169.469,3,0.402,0.74,-9.722,1,0.045,0.0811,0.00409,0.969,0.479
60VEoQEFPZDtJhmEIUzy3I,156360,0,176.144,4,0.278,0.925,-6.003,1,0.102,0.00348,2.44e-06,0.378,0.593
5vzVf5JDUGWkPujvFPoUIa,299703,2,116.007,4,0.66,0.52,-10.782,1,0.038,0.0047,0.915,0.128,0.263
45JXqC5qMmVAgjtfFTNRXd,278350,7,193.942,4,0.304,0.789,-7.999,1,0.0391,0.00019,0.749,0.323,0.187
42gfrPEF7FlowrEFvRP7QB,245253,6,103.135,4,0.393,0.568,-8.05,0,0.034,0.614,3.83e-06,0.23,0.512
1gY0ERrK9DEaldzsQqyIZy,189257,7,109.913,4,0.828,0.118,-25.116,0,0.054,0.797,0.908,0.105,0.314
1HnKWL5FjkV9s0M46yN4y8,268527,4,69.988,4,0.62,0.515,-5.278,1,0.0355,0.049,0.894,0.0771,0.266
5OULYbjWNukOzjjR7GlMGO,214680,0,177.811,4,0.641,0.441,-6.993,1,0.0327,0.0897,0.000601,0.114,0.962
4mi0XJtp37HFTAGv8cNCDC,356853,2,141.991,4,0.26,0.462,-7.611,1,0.0289,0.653,0.00025,0.107,0.0396
0TfPMwK084trM0Z2WOMwoC,257893,6,84.557,4,0.395,0.801,-6.863,1,0.0354,0.0964,0.00574,0.545,0.742
6M6UoxIPn4NOWW0x7JPRfv,279027,0,138.142,4,0.701,0.815,-5.995,1,0.038,0.0172,0.000627,0.0969,0.67
2KFg8kjYy0rYjWsXGhEQHN,319373,11,91.713,4,0.828,0.686,-5.689,0,0.218,0.273,0,0.524,0.617
4ovRpsoz8jp9XALPovHXls,231787,1,121.554,4,0.694,0.881,-4.053,0,0.0701,0.0153,0.0196,0.0851,0.924
02g8GsX1ubHlUJeCRqb4Ck,253960,1,100.008,4,0.656,0.69,-7.675,0,0.0304,0.062,0.145,0.108,0.222
2jp7t8UTVsUG2vjKM0edOL,179640,5,129.996,4,0.699,0.76,-3.173,1,0.0677,0.00223,0,0.132,0.696
4IemvmiOmy5MLQHjnOWcww,320653,6,109.531,4,0.941,0.728,-6.941,0,0.0516,0.445,0.00389,0.0462,0.894
4XJhWldM0LGsk6MjfZLT5g,163569,6,132.017,4,0.554,0.711,-10.525,1,0.0279,4.81e-05,0.796,0.124,0.927
6ujJgzGG5FLHwOyCT7GqYw,240331,5,105.517,4,0.85,0.403,-9.921,1,0.0461,0.00757,0.0544,0.0964,0.932
36krg6uCyLt31OyBBPEaiI,235068,5,139.995,4,0.402,0.838,-8.579,1,0.0313,0.00179,0.912,0.0766,0.856
3KFkVOQstbEIxSEgGbIhTO,244640,8,148.006,4,0.363,0.996,-2.815,1,0.109,0.000525,0.588,0.154,0.341
0W1xYGadTP6INfGl2rgqS3,220707,11,96.019,4,0.708,0.826,-5.164,1,0.0476,0.0327,0,0.0868,0.519
5rgrc8dpDCPwQzFBRUAGzK,239080,4,126.049,4,0.7,0.59,-10.954,1,0.0309,0.0291,0.623,0.226,0.777
1bOp9ko9VC1xKu7W3tYyN6,316667,10,131.928,4,0.518,0.144,-14.442,1,0.0317,0.772,0.00108,0.0915,0.0993
6aVjGBm8aUwayKgnkI36Ip,162293,4,175.068,4,0.259,0.737,-11.487,1,0.0401,0.0657,5.36e-06,0.0521,0.859
1ktaIZUB0CdK5GyKvZgopm,143253,9,134.493,4,0.607,0.896,-8.794,1,0.0704,0.0236,0.0735,0.973,0.84
1rQEbXBY8MmWZ7OZeBtqis,393613,3,132.493,4,0.174,0.689,-7.562,0,0.042,9.23e-05,0.906,0.108,0.356
6bEIrYUYi2QVU6sNkyxA3r,222133,4,85.031,4,0.538,0.346,-14.403,1,0.0252,0.466,1.24e-05,0.0929,0.459
62PoTJ8ECSYOqrMbU6OfKA,265627,1,95.527,4,0.614,0.657,-7.559,1,0.0245,0.369,0.154,0.113,0.699
2ouvdZMUgMjbxFxJqSpLYE,169853,0,187.074,3,0.401,0.687,-8.384,1,0.0381,0.293,0.0668,0.325,0.687
5TWDm6EQPX0CuLL8SuqrUz,196975,0,156.013,4,0.38,0.743,-11.561,1,0.0307,1.35e-06,0.852,0.179,0.595
4twCswVS6oFKgqPrkt1O72,369058,9,160.976,4,0.468,0.597,-4.658,1,0.216,0.000226,0.696,0.133,0.301
6JBSBYjksH0uFUjisNTlmR,238467,4,86.01,4,0.713,0.266,-16.391,0,0.0634,0.457,0.845,0.0995,0.088
2bXgfdhQsU7RdkoK1SiDf9,129933,9,103.739,4,0.326,0.323,-13.313,1,0.03,0.514,0,0.393,0.291
0dkLuPJaJchZ3Ls0ghC5AH,369200,3,150.154,3,0.42,0.78,-4.101,0,0.0362,0.229,4.7e-06,0.869,0.277
6LfVnsBt9cgj77XhPcBaSB,243693,7,120.693,4,0.523,0.974,-2.898,1,0.0816,0.0174,0.000747,0.972,0.488
3EHFfB36T4v2d7Vbci1TKi,179827,2,128.484,4,0.635,0.861,-7.578,1,0.0296,0.0315,0.709,0.157,0.916
6FsVUODBaJV8atwQWtwfF2,294000,7,130.087,4,0.464,0.751,-5.754,1,0.0474,0.0067,0.000198,0.178,0.0959
0fwai47vKrsjGIxzVh222k,164060,11,171.021,4,0.616,0.792,-4.252,1,0.0445,0.16,0.00914,0.187,0.806
1E1cbOQol1GWM0akDNxixA,195789,11,151.991,4,0.519,0.65,-8.267,1,0.0277,0.649,0.00293,0.101,0.432
2Y90nL1ohB4sgYELDs7uNx,254733,9,117.486,4,0.574,0.96,-4.906,1,0.032,0.0457,0,0.121,0.978
5EPMGpzwuUAutClCLFyGVh,387783,7,172.364,3,0.523,0.287,-11.998,1,0.0802,0.541,6.96e-05,0.151,0.582
73JZKk0nb1WOUmh1Eo3Unc,188600,3,95.141,4,0.491,0.966,-3.974,1,0.0463,9.12e-05,0.346,0.153,0.223
6grXSVQHsDC7DumnDDr4ao,262373,0,136.713,4,0.358,0.916,-3.538,1,0.0414,0.0014,0.0124,0.095,0.286
6l5XnGdX73q4zuniAQgKYC,178427,2,141.959,4,0.736,0.793,-5.305,0,0.29,0.0633,0.00079,0.0531,0.912
3iUtCx2TOG3SAATS1q39m3,264933,9,123.468,4,0.687,0.873,-5.8,1,0.0404,0.0411,0.169,0.0395,0.694
2WY3T2RZ6sI45luL60p5Pk,196441,9,136.969,4,0.639,0.928,-9.415,1,0.0455,5.36e-05,0.861,0.0517,0.477
3Qv00tcq01ZVnIcwV5ZJSg,187950,11,82.205,3,0.415,0.452,-12.414,1,0.033,0.877,0.971,0.109,0.291
7yE8l5G961DSXEfZLIAAUt,179853,10,133.816,4,0.444,0.737,-7.701,1,0.0317,0.00318,0.146,0.0935,0.891
2VXxmdKxIKj8BW641X7fS7,236107,10,93.839,4,0.219,0.979,-6.535,0,0.0641,0.00115,0.0215,0.313,0.0565
0Qtw21sorVwleQlDmGivJw,131147,2,113.739,4,0.566,0.861,-5.381,1,0.0478,0.00238,0.0181,0.762,0.308
39lN5rkvArW39IpjpZJblC,238827,0,179.985,4,0.442,0.967,-2.67,1,0.0722,0.00164,0.0697,0.334,0.473
6980V43ZkLTN2H6sHcFDIA,207909,2,153.076,4,0.54,0.84,-4.219,1,0.0513,0.0322,0.0763,0.0682,0.414
2pD95BWmyRyh81uiJpxDjD,195840,11,201.742,4,0.295,0.414,-5.534,0,0.0485,0.00435,4.62e-06,0.087,0.8
7cGGGRDI55gnY7va3ojPDX,336840,1,79.149,4,0.145,0.968,-10.861,1,0.182,0.0427,0.00483,0.369,0.0386
0zDmG720Maid6ysihQOOMg,285053,7,109.063,4,0.84,0.837,-7.955,1,0.125,0.0048,2.67e-05,0.25,0.519
2C6JGT52OA3Eg5ANWC1MSX,239507,5,109.994,4,0.392,0.939,-6.188,1,0.083,5.06e-06,0.0159,0.224,0.181
2z7VzzqvIsp7igg3ofQ8Fs,316733,9,137.547,4,0.425,0.245,-11.537,0,0.0348,0.896,0.0143,0.37,0.15
73mEf5W76xBd3jJ1HLTbVd,337600,0,105.875,4,0.656,0.693,-12.091,1,0.0416,0.321,2.46e-05,0.263,0.776
7tmuz9f8Kpo3MrqY4Hsj6y,222453,2,108.012,4,0.535,0.627,-14.429,1,0.0257,4.58e-05,0.611,0.212,0.498
7mVVbfmvITshMIHrEoxGL2,231362,5,134.314,4,0.349,0.791,-7.175,0,0.0619,0.000164,0.129,0.718,0.299
4qzlufbzRNF9oHcN9nDxED,245600,11,106.713,4,0.69,0.606,-12.016,1,0.0267,0.113,5.24e-05,0.165,0.924
30MNbsSuhFJluP87qYl6In,236907,6,169.848,4,0.564,0.718,-4.235,1,0.0416,0.647,0,0.098,0.8
4hHNjOlPZMUh7KaU9LHaJj,238227,5,135.975,4,0.486,0.899,-5.737,1,0.0696,0.0159,0.00102,0.0627,0.157
3TKK3m7dYxzv0bdCwyhI2Y,277760,0,133.324,4,0.289,0.62,-7.54,0,0.0296,0.00151,0.13,0.335,0.313
44e84JcEUfOs9cNGu8nwU5,150827,8,120.996,4,0.703,0.806,-4.974,0,0.0555,0.00935,0.00056,0.0948,0.844
11sPHLSUyGhyDMXjI25nwM,255733,7,111.555,4,0.418,0.936,-4.755,1,0.0668,0.122,0,0.945,0.428
25qvHwHelsPfEKbFPHnlqt,143293,1,134.877,4,0.831,0.52,-7.926,1,0.139,0.664,2.22e-06,0.0625,0.728
1XwSGU1s637pNzF0aiLBn2,309973,4,141.974,4,0.675,0.944,-6.667,1,0.109,0.000679,0.00302,0.0913,0.359
5txAw17kGaKitbVrBX8Tfd,209440,1,92.967,4,0.793,0.517,-9.06,0,0.0935,0.079,0.00167,0.222,0.594
6XHzVL0O4tsia1ntTYNsYu,184907,0,76.81,4,0.391,0.182,-12.16,1,0.0402,0.942,5.7e-06,0.244,0.229
41w5gg12P0MLUixWEgy3no,223893,0,118.504,4,0.627,0.484,-4.892,1,0.0484,0.356,0,0.304,0.582
4ZkztXHArnSMxIj1a4iRyw,265427,1,80.048,4,0.686,0.729,-10.074,1,0.0714,0.00188,0.0185,0.13,0.784
2vhtZbKQuOZoiKNi4fqeA4,206251,4,163.111,4,0.383,0.894,-6.313,1,0.0393,0.000304,0.000698,0.0462,0.383
5RlNuuRSFL6qk9jeuvKYHe,52840,11,106.751,4,0.427,0.847,-10.642,0,0.0678,0.0936,5.08e-05,0.0972,0.414
2e17xlsCfhlCW4fPGW78bq,271440,0,115.994,4,0.525,0.406,-13.194,1,0.0417,0.952,0.907,0.103,0.0378
67ElgLt9atVcZ8vgc6bVZr,250693,4,131.544,4,0.461,0.414,-14.094,1,0.0438,0.716,2.16e-06,0.974,0.23
0j3X1sojCtj4mDijNAWnzZ,529907,0,174.163,3,0.353,0.331,-13.403,1,0.0345,0.468,0.0352,0.968,0.418
7v5s7YFXrwzytRan0HtZGb,212640,8,147.694,3,0.403,0.45,-6.314,1,0.0297,0.664,7.57e-06,0.0946,0.116
43C8D14aRFvteTNAaF1Trd,469320,10,124.992,4,0.807,0.633,-7.331,0,0.0433,0.0428,0.00761,0.0346,0.955
0zRsYvS9TxqtAuI23KsJrb,505846,5,130.003,4,0.618,0.68,-7.305,0,0.0336,0.00487,0.765,0.237,0.291
52jqMkHygp01cXcMdo9x43,261444,10,135.024,4,0.908,0.634,-7.648,1,0.0575,0.0106,0.281,0.0479,0.906
1LWmGnHsyG2UfPKGOelCaA,231507,1,102.935,4,0.682,0.63,-10.418,0,0.0307,0.00272,3.96e-06,0.0545,0.0699
2DFgCN9RExzan0yzMPxlp1,233733,0,115.396,4,0.563,0.496,-12.277,0,0.0295,0.201,0.639,0.0753,0.446
5MBpJztJwdty23sLeamosm,224710,4,102.011,4,0.676,0.837,-6.092,0,0.0542,0.000718,0.479,0.124,0.874
03ngNJTsxYWtUKXkW9G4va,184227,9,139.982,4,0.678,0.997,-3.549,1,0.0361,0.00129,0.000215,0.336,0.974
3TRL9Z6sadKIkxpdAGcclM,178520,5,126.646,4,0.553,0.446,-13.826,1,0.119,0.9,0.000118,0.231,0.567
1RrmaSK3GCuQKG4sIy9hjT,214200,7,142.546,4,0.677,0.947,-5.375,1,0.0793,0.0191,5.03e-05,0.126,0.94
341qazfwsyy8yTUhOEy3uG,253753,4,114.002,4,0.88,0.524,-7.337,0,0.0531,0.0131,0.904,0.0843,0.973
0mUzgEJv7JOqcp3M7goL6k,185347,2,121.018,4,0.63,0.671,-7.407,1,0.031,0.0505,0,0.0714,0.947
5JwmRJmobwecAWjB5TStP2,406227,9,94.431,4,0.119,0.432,-6.299,1,0.0386,3.23e-06,0.811,0.0889,0.191
2mmnJ9l2ASdnZE60Xdv8vY,211828,1,199.902,4,0.299,0.899,-5.588,0,0.0658,0.00015,0,0.142,0.279
4ip1rHVZcqsTgGhT635oXy,227700,10,132.024,4,0.662,0.856,-9.973,1,0.0427,0.00595,0.05,0.357,0.956
1jlS9VcaD5LXx74zbMxQoJ,245667,0,80.0,3,0.528,0.0186,-24.154,1,0.037,0.907,0.879,0.112,0.117
2Ul7vWjhiQe7LDDaMKhCwX,158560,10,140.695,4,0.698,0.624,-9.681,1,0.235,0.916,0.0404,0.283,0.962
4THb5rD0yg0XrVk9SAUJ9e,243920,2,155.24,4,0.724,0.865,-4.927,1,0.35,0.0392,0,0.0508,0.741
22S2t8YXqstJdZvqf1qYfN,242160,11,157.961,4,0.489,0.633,-7.334,0,0.0313,0.118,0.465,0.107,0.29
0VtYiHhehcGr9ZbkFNLlRa,204693,2,99.258,4,0.49,0.894,-7.625,1,0.0392,0.037,1.06e-06,0.241,0.68
3oggV1dlasIxXrH93upoqs,207280,5,147.347,4,0.486,0.454,-13.697,1,0.0284,0.119,0.859,0.0915,0.44
3RRNncNrDrzB6sjSucOfXG,209240,10,145.773,4,0.244,0.508,-12.467,1,0.0517,0.000179,0.57,0.121,0.339
5Z9taBEfNhuoTdWQHpXsEr,262450,11,125.991,4,0.932,0.783,-9.548,0,0.199,0.000427,0.00309,0.0899,0.562
6OfTmBP4IzIJmSm13ct8HE,261600,5,164.851,4,0.55,0.862,-5.267,0,0.042,0.15,9.77e-06,0.135,0.954
5WYulGsAaoh0eHDkUXeCih,570720,11,129.994,4,0.642,0.797,-5.096,0,0.0406,0.0114,0.0854,0.118,0.446
2zF3Hq6coZFQT3P33m1urL,361080,2,134.619,4,0.483,0.974,-4.954,1,0.0716,0.000163,0.438,0.426,0.665
64vKQEnX1IkXKzKqgibC5U,226067,9,146.996,4,0.541,0.82,-10.903,1,0.0475,0.00718,0.494,0.282,0.418
647tw0mBjtJbMwvvLwgmH0,279840,2,134.984,4,0.494,0.871,-2.537,1,0.04,0.000269,0.0124,0.141,0.552
7jurZFU065LB8T200llWqC,205093,5,170.403,3,0.33,0.162,-26.289,0,0.0419,0.75,0.053,0.296,0.267
1DebU5XUGciV8YCPgtog83,170120,7,111.803,4,0.573,0.438,-9.9,1,0.026,0.306,0,0.223,0.551
3tj76mGMC4MemKu6iIFV4y,227240,7,128.05,4,0.727,0.969,-4.493,1,0.0419,0.00945,0.0017,0.364,0.737
6ZsJ8O3BrSDfaID0FYQXGc,515427,6,133.002,4,0.575,0.61,-8.484,1,0.0488,0.00304,0.834,0.071,0.489
13O9TfGMiWiU7ZxfaC2OAx,217040,0,95.793,4,0.645,0.311,-17.22,1,0.0747,0.299,0.29,0.0868,0.249
4FW9VKgKD8PUw6njivG6mO,156133,2,173.625,5,0.0808,0.0292,-29.621,1,0.045,0.984,0.624,0.0747,0.0585
3AbrdInoNZcBgmibeylqYA,530400,11,144.532,4,0.252,0.961,-4.937,0,0.0902,9.05e-05,0.858,0.186,0.0694
3HV5UN38dwTN9mrcf63jpV,252627,0,104.848,4,0.811,0.618,-6.509,1,0.252,0.0551,0,0.17,0.887
3tNS3uwSw9IF7FpY5xoVDk,251471,8,195.394,4,0.344,0.459,-14.366,0,0.294,0.143,0,0.192,0.418
2NxJAXEBTMOpROC1fLSdP9,307053,4,88.385,4,0.54,0.681,-5.44,1,0.0508,0.808,0,0.162,0.794
5oEgPvhTZ4CFjeuuLfmMsI,209613,11,183.602,4,0.443,0.895,-3.377,1,0.469,0.092,0,0.239,0.52
0r3g98NW39aFRrSYwRjxt8,330987,2,80.775,4,0.241,0.65,-7.843,1,0.039,0.819,0.145,0.394,0.297
6sH64MblhkEk8LvfWAaBmS,281280,2,98.437,4,0.439,0.458,-9.809,1,0.0289,0.722,0.000389,0.983,0.336
6KrcFkaLHXFqQd7IHvzZSQ,174322,10,146.716,4,0.685,0.865,-5.846,1,0.0357,0.000809,4.06e-05,0.107,0.917
5ZH1ZkYZUo1dsyq3XTFdfc,237680,0,107.618,4,0.406,0.101,-20.668,0,0.0347,0.959,0.891,0.109,0.0962
6qE3czMSRN1oZYh3notf8U,156735,7,139.271,5,0.364,0.468,-7.481,1,0.0392,0.0669,0.139,0.157,0.436
0usqNW9Yr73VxjuMA4rwE1,246923,7,120.011,4,0.568,0.267,-11.741,1,0.0337,0.906,9.76e-05,0.652,0.154
5EVCFWs4SlEZMZWdri9aNh,283979,3,92.989,4,0.687,0.347,-12.424,0,0.0313,0.521,0.00145,0.216,0.928
2fkUJULKzB2tPhTe8buZKC,188213,10,123.019,4,0.646,0.656,-11.024,1,0.0297,0.00053,0.693,0.126,0.821
5d2brftnpzJGHV7xc55r62,229509,6,122.749,4,0.542,0.694,-5.762,0,0.0522,0.551,0.000144,0.273,0.343
1JM0xw9XJlzYXcbAW1GvVf,212402,7,171.779,4,0.741,0.637,-8.387,0,0.0328,0.0804,0.252,0.0712,0.879
1C55PYheuhe0NuegyUUWYs,206823,2,99.042,4,0.569,0.559,-8.185,1,0.0296,0.00333,0.286,0.189,0.553
0t2YWhdyq1k4GgShnkgTEP,258480,8,119.777,4,0.505,0.943,-3.306,1,0.0464,0.0293,0,0.973,0.699
5SH1p6UF6v4D8XBebgq9w6,174587,5,105.794,4,0.497,0.541,-8.481,0,0.0288,0.132,0.00208,0.0991,0.492
1lwjowXbBq0hRwuJBzP8PE,362667,9,126.074,5,0.338,0.145,-13.652,0,0.0337,0.822,0.898,0.117,0.0894
6lrGtRt9IwyOtUQn0JJULV,206893,4,154.852,4,0.448,0.864,-5.107,1,0.0431,0.00199,2e-06,0.0427,0.713
2kfvklnEkpXVKT7MX7Hxgi,161825,7,113.312,4,0.511,0.25,-13.444,1,0.0373,0.676,0.66,0.0671,0.223
1tg061ySsRLO6toK9c2FZB,259654,10,131.647,4,0.649,0.129,-23.533,1,0.0609,0.741,0.752,0.106,0.206
39tGO3uzSjClykOUedQNVw,143453,11,158.529,4,0.509,0.979,-3.978,0,0.123,0.0748,1.93e-06,0.108,0.876
3lVsk37wpOxJOpEUZt1DpO,247704,10,82.579,3,0.327,0.388,-11.433,1,0.0302,0.136,0,0.276,0.307
5Bk0Ttt1GKCc3aj6KNU5Ni,208144,2,120.0,4,0.681,0.357,-17.067,1,0.0416,0.000304,0.903,0.0877,0.603
6XNXLzui5sU7hvEhZpYenb,198021,7,145.967,5,0.783,0.338,-10.282,1,0.0388,0.127,0.81,0.0874,0.265
6ESb4sKOAjpCmaFz6KfzgZ,232760,1,98.733,4,0.291,0.998,-3.022,0,0.263,9.35e-05,0.00173,0.349,0.0668
1v5P8x2yCOVaZn6e9qZwTz,210627,5,139.98,4,0.509,0.982,-4.947,0,0.0465,0.000637,0.287,0.261,0.922
77iYVJVN9GSd2cLs1QrExV,215560,9,137.039,4,0.459,0.953,-3.388,1,0.0981,0.0137,0,0.227,0.458
3u0W3gJQNV5gegMmntzby8,321960,2,171.404,4,0.7,0.738,-4.697,1,0.265,0.00491,1.1e-05,0.35,0.0588
0jxYpXKCehzCMGmxbd8ypq,375560,5,117.901,4,0.502,0.96,-7.681,1,0.157,0.000818,0.11,0.848,0.511
3dtGI0Y4LXGKsAaNWdEtbr,121733,5,134.541,4,0.455,0.819,-6.396,0,0.169,0.138,0.000538,0.261,0.403
0yJIYK69DXgJhjuq5RRF9w,200640,2,188.064,4,0.469,0.81,-6.83,1,0.0787,0.0578,0,0.939,0.534
4hZ5hltXes2wInBl7EGpCP,171227,8,110.039,4,0.227,0.289,-14.085,1,0.0335,0.872,1.71e-06,0.148,0.193
6ut1UZcMdVfMXJvzZ8N2US,230341,1,134.859,4,0.364,0.114,-14.738,1,0.0364,0.982,0.953,0.123,0.0761
6Lr8xVnILGgybhgSLWlT5S,370040,8,125.916,4,0.387,0.652,-8.083,0,0.0418,0.00239,0.873,0.149,0.113
6jqOB9Eyk5xwqLpGJwHovD,272327,0,77.998,4,0.686,0.481,-9.215,1,0.0323,0.0482,6.63e-06,0.23,0.342
42Gf2WCxCBYJoOLNIdVL8z,276640,8,95.556,4,0.238,0.991,-3.273,1,0.192,7.53e-05,0.151,0.1,0.103
037RjtIcFlSml7GBN7plqr,341733,4,91.721,4,0.242,0.914,-6.007,1,0.0812,0.00488,0.0117,0.223,0.0724
6IXs9gDnLJF0tvXMdgCKLO,258795,11,74.992,4,0.618,0.253,-16.627,1,0.0305,0.12,0.539,0.135,0.494
42u3snioo4U9yz2Z9wFkhb,252320,4,135.593,4,0.331,0.839,-5.06,1,0.0639,0.0014,0.000746,0.115,0.151
2skJ2Wh07IN2TsWHaF33la,91013,0,91.02,4,0.411,0.762,-8.297,1,0.0313,0.000157,0.0111,0.363,0.776
6QoMw4SxvWqzaAad45zR4X,194333,11,90.506,4,0.641,0.969,-2.692,0,0.147,0.0218,1.94e-06,0.344,0.773
2408RXmwvblivGyVWcrqiN,246585,10,164.035,4,0.851,0.0787,-18.93,1,0.0757,0.949,0.723,0.0966,0.585
0iNQL7RBe1yRLJiKZcm2sj,683453,2,124.729,4,0.377,0.602,-9.193,1,0.12,0.549,0.00438,0.151,0.0807
0uB4hF3uZAeFMyGfbacWWP,470693,1,128.011,4,0.781,0.957,-6.854,1,0.0547,0.000905,0.888,0.272,0.549
